/*1*/
CREATE TABLE faculties (
  id serial PRIMARY KEY,
  short_name_of_faculty text,
  full_name_of_faculty text
);

/*2*/
CREATE TABLE pulpits (
  id serial PRIMARY KEY,
  short_name_of_pulpit text,
  full_name_of_pulpit text,
  id_of_faculty integer REFERENCES faculties(id)
);

/*3*/
CREATE TABLE specialties (
  code_of_specialty text PRIMARY KEY,
  short_name_of_specialty text,
  full_name_of_specialty text,
  id_of_faculty integer REFERENCES faculties(id)
);

/*4*/
CREATE TABLE teachers (
  id serial PRIMARY KEY,
  last_name text,
  first_name text,
  middle_name text,
  id_of_pulpit integer REFERENCES pulpits(id)
);

/*5*/
CREATE TABLE disciplines (
  id serial PRIMARY KEY,
  discipline text
);

/*6*/
CREATE TABLE academic_plan (
  code_of_specialty text REFERENCES specialties(code_of_specialty),
  id_of_discipline integer REFERENCES disciplines(id),
  semester integer,
  PRIMARY KEY (code_of_specialty, id_of_discipline, semester)
);

/*7*/
CREATE TABLE type_of_loads (
  short_name_of_load text PRIMARY KEY,
  full_name_of_load text
);

/*8*/
CREATE TABLE "load" (
  code_of_specialty text,
  id_of_discipline integer,
  semester integer,
  short_name_of_load text REFERENCES type_of_loads (short_name_of_load),
  count_of_hours integer,
  PRIMARY KEY (code_of_specialty, id_of_discipline, semester, short_name_of_load),
  FOREIGN KEY (code_of_specialty, id_of_discipline, semester) REFERENCES academic_plan (code_of_specialty, id_of_discipline, semester)
);

/*9*/
CREATE TABLE "time" (
  id serial PRIMARY KEY,
  "time" text,
  "session" integer CHECK ("session" = 1 OR "session" = 2)
);

/*10*/
CREATE TABLE calendar (
  id serial PRIMARY KEY,
  calendar_date date,
  number_of_week integer,
  id_of_time integer REFERENCES time(id)
);

/*11*/
CREATE TABLE type_of_auditoriums (
  short_name_of_auditorium text PRIMARY KEY,
  full_name_of_auditorium text
);

/*12*/
CREATE TABLE auditoriums (
  number_of_auditorium text PRIMARY KEY,
  capacity integer,
  short_name_of_auditorium text REFERENCES type_of_auditoriums(short_name_of_auditorium)
);

/*13*/
CREATE TABLE groups (
  code_of_specialty text REFERENCES specialties(code_of_specialty),
  number_of_group integer,
  semester integer,
  PRIMARY KEY (code_of_specialty, number_of_group, semester)
);

/*14*/
CREATE TABLE subgroups (
  code_of_specialty text,
  number_of_group integer,
  semester integer,
  number_of_subgroup integer,
  count_of_students integer,
  PRIMARY KEY (code_of_specialty, number_of_group, semester, number_of_subgroup),
  FOREIGN KEY (code_of_specialty, number_of_group, semester) REFERENCES group_table (code_of_specialty, group_num, semester)
);

/*15*/
CREATE TABLE timetable (
  id serial PRIMARY KEY,
  id_of_calendar integer REFERENCES calendar(id),
  number_of_auditorium text REFERENCES auditoriums(number_of_auditorium),
  id_of_discipline integer REFERENCES disciplines(id),
  short_name_of_load text REFERENCES type_of_loads (short_name_of_load),
  code_of_specialty text REFERENCES specialties(code_of_specialty),
  number_of_group integer,
  number_of_subgroup integer,
  semester integer,
  id_of_teacher integer REFERENCES teachers(id),
  UNIQUE (id_of_calendar, code_of_specialty, number_of_group, number_of_subgroup)
);

CREATE OR REPLACE VIEW view_timetable AS (
  SELECT timetable.id,
    calendar.calendar_date,
    time.time,
    calendar.number_of_week,
    auditoriums.number_of_auditorium,
    disciplines.name_of_discipline,
    type_of_loads.full_name_of_load,
    specialties.full_name_of_specialty,
    timetable.number_of_group,
    timetable.number_of_subgroup,
    timetable.semester,
    teachers.last_name,
    teachers.first_name,
    teachers.middle_name FROM timetable
    INNER JOIN calendar ON timetable.calendar_id = calendar.id
    INNER JOIN time ON calendar.id_of_time = time.id
    INNER JOIN auditoriums ON timetable.number_of_auditorium = auditoriums.number_of_auditorium
    INNER JOIN disciplines ON timetable.id_of_discipline = disciplines.id
    INNER JOIN specialties ON timetable.code_of_specialty = specialties.code_of_specialty
    INNER JOIN type_of_loads ON timetable.short_name_of_load = type_of_loads.short_name_of_load
    INNER JOIN teachers ON timetable.id_of_teacher = teachers.id
);

INSERT INTO faculties (short_name_of_faculty, full_name_of_faculty) VALUES
  ('ЛХ', 'Лесохозяйственный факультет'),
  ('ТТЛП', 'Факультет технологии и техники лесной промышленности'),
  ('ТОВ', 'Факультет технологии органических веществ'),
  ('ХТиТ', 'Факультет химической технологии и техники'),
  ('ПиМ', 'Факультет принттехнологий и медиакоммуникаций'),
  ('ИЭФ', 'Инженерно-экономический факультет'),
  ('ИТ', 'Факультет информационных технологий'),
  ('ЗФ', 'Заочный факультет');

INSERT INTO pulpits (short_name_of_pulpit, full_name_of_pulpit, id_of_faculty) VALUES
  ('Лесоводство', 'Кафедра лесоводства', 1),
  ('Охотоведение', 'Кафедра охотоведения', 1),
  ('Лесоустройство', 'Кафедра лесоустройства', 1),
  ('ЛиД', 'Кафедра лесозащиты и древосиноведения', 1),
  ('ЛПиСС', 'Кафедра ландшафтного проектирования и садово-паркового строительства', 1),
  ('ЛКиП', 'Кафедра лесных культур и почвоведения', 1),
  ('ТиП', 'Кафедра туризма и природопользования', 1),

  ('ЛДиОВД', 'Кафедра лесных дорог и организации вывозки древесины', 2),
  ('ЛМиТЛ', 'Кафедра лесных машин и технологии лесозаготовок', 2),
  ('ТДП', 'Кафедра технологии деревообрабатывающих производств', 2),
  ('ТиДИД', 'Кафедра технологии и дизайна изделий из древесины', 2),
  ('ДСиИ', 'Кафедра деревообрабатывающих станков и инструментов', 2),
  ('ЭГиТ', 'Кафедра энергосбережения, гидравлики и теплотехники', 2),
  ('МиТМ', 'Кафедра материаловедения и технологии металлов', 2),
  ('ДМиПУ', 'Кафедра деталей машин и подъемно-транспортных устройств', 2),

  ('ТНСиППМ', 'Кафедра технологии нефтехимического синтеза и переработки полимерных материалов', 3),
  ('ХПД', 'Кафедра химической переработки древесины', 3),
  ('БиБ', 'Кафедра биотехнологии и биоэкологии', 3),
  ('ФМСП', 'Кафедра физико-химических методов сертификации продукции', 3),
  ('ОХ', 'Кафедра органической химии', 3),
  ('АХ', 'Кафедра аналитической химии', 3),
  ('БЖ', 'Кафедра безопасности жизнедеятельности', 3),
  ('ФиП', 'Кафедра философии и права', 3),

  ('ТНВиОХТ', 'Кафедра технологии неорганических веществ и общей химической технологии', 4),
  ('ХТЭПиМЭТ', 'Кафедра химии, технологии электрохимических производств и материалов электронной техники', 4),
  ('МиАХиСП', 'Кафедра машин и аппаратов химических и силикатных производств', 4),
  ('ПиАХП', 'Кафедра процессов и аппаратов химических производств', 4),
  ('ОиНХ', 'Кафедра общей и неорганической химии', 4),
  ('ТСиК', 'Кафедра технологии стекла и керамики', 4),
  ('ХТВМ', 'Кафедра химической технологии вяжущих материалов', 4),
  ('ФиКХ', 'Кафедра физической и коллоидной химии', 4),
  ('ТМ', 'Кафедра теоретической механики', 4),
  ('ПЭ', 'Кафедра промышленной экологии', 4),
  ('АППиЭ', 'Кафедра автоматизации производственных процессов и электротехники', 4),
  ('ММиК', 'Кафедра механики материалов и конструкций', 4),

  ('БФ', 'Кафедра белорусской филологии', 5),
  ('ПП', 'Кафедра полиграфических производств', 5),
  ('РТ', 'Кафедра редакционно-издательских технологий', 5),
  ('ПОиСОИ', 'Кафедра полиграфического оборудования и систем обработки информации', 5),
  ('МКиТП', 'Кафедра межкультурных коммуникаций и технического перевода', 5),

  ('ЭТиМ', 'Кафедра экономической теории и маркетинга', 6),
  ('МТБиУР', 'Кафедра менеджмента, технологий бизнеса и устойчивого развития', 6),
  ('ЭиУП', 'Кафедра экономики и управления на предприятиях', 6),
  ('ОПиЭН', 'Кафедра организации производства и экономики недвижимости', 6),
  ('СБУАиА', 'Кафедра статистики, бухгалтерского учета, анализа и аудита', 6),
  ('ФВиС', 'Кафедра физического воспитания и спорта', 6),
  ('ИБиП', 'Кафедра истории Беларуси и политологии', 6),

  ('ИСиТ', 'Кафедра информационных систем и технологий', 7),
  ('ИиВД', 'Кафедра информатики и веб-дизайна', 7),
  ('Физика', 'Кафедра физики', 7),
  ('ИГ', 'Кафедра инженерной графики', 7),
  ('ВМ', 'Кафедра высшей математики', 7);

INSERT INTO specialties (code_of_specialty, short_name_of_specialty, full_name_of_specialty, id_of_faculty) VALUES
  ('1-75 01 01', 'ЛХ', 'Лесное хозяйство', 1),
  ('1-75 02 01', 'CC', 'Садово-парковое строительство',1),
  ('1-75 02 02', 'ТП', 'Туризм и природопользование', 1),

  ('1-36 05 01', 'МОЛК', 'Машины и оборудование лесного комплекса', 2),
  ('1-46 01 01', 'ЛД', 'Лесоинженерное дело', 2),
  ('1-46 01 02', 'ТДП', 'Технология деревообрабатывающих производств', 2),
  ('1-43 01 06', 'ЭТЭМ', 'Энергоэффективные технологии и энергетический менеджмент', 2),

  ('1-48 01 02', 'ХТОВМИ', 'Химическая технология органических веществ, материалов и изделий', 3),
  ('1-48 01 05', 'ХТПД', 'Химическая технология переработки древесины', 3),
  ('1-54 01 03', 'ФМиПККП', 'Физико-химические методы и приборы контроля качества продукции', 3),
  ('1-48 02 01', 'Б', 'Биотехнология', 3),
  ('1-48 02 02', 'ТЛП', 'Технология лекарственных препаратов', 3),

  ('1-36 01 08', 'КПИКМ', 'Конструирование и производство изделий и композиционных материалов', 4),
  ('1-36 07 01', 'МАХППСМ', 'Машины и аппараты химических производств и предприятий строительных материалов', 4),
  ('1-53 01 01', 'АТПП', 'Автоматизация технологических процессов и производств', 4),
  ('1-48 01 01', 'ХТНВМИ', 'Химическая технология неорганических веществ, материалов и изделий', 4),
  ('1-48 01 04', 'ТЭП', 'Технология элктрохимических производств', 4),
  ('1-57 01 01', 'ООСРИПР', 'Охрана окружающей среды и рациональное использование природных ресурсов', 4),
  ('1-36 07 02', 'ПИОТТ', 'Производство изделий на основе трехмерных технологий', 4),

  ('1-47 02 01', 'ТТП', 'Технология полиграфических производств', 5),
  ('1-36 06 01', 'ПОиСОИ', 'Полиграфическое оборудование и системы обработки информации', 5),
  ('1-47 01 01', 'ИД', 'Издательское дело', 5),

  ('1-25 01 07', 'ЭиУП', 'Экономика и управление на предприятии', 6),
  ('1-26 02 02', 'Мен', 'Менеджмент (международный, производственный, недвижимости) ', 6),
  ('1-26 02 03', 'Марк', 'Маркетинг', 6),

  ('1-40 01 01', 'ПОИТ', 'Программное обеспечение информационных технологий (программирование интернет-приложений)', 7),
  ('1-40 05 01', 'ИСиТ', 'Информационные системы и технологии', 7),
  ('1-47 01 02', 'ДЭиВ', 'Дизайн электронных и веб-изданий', 7),
  ('1-98 01 03', 'ПОИБМС', 'Программное обеспечение информационной безопасности мобильных систем', 7);

INSERT INTO teachers (last_name, first_name, middle_name, id_of_pulpit) VALUES
  ('Смелов', 'Владимир', 'Владиславович', 48),
  ('Урбанович', 'Павел', 'Павлович', 48),
  ('Колесников', 'Виталий', 'Леонидович', 48),
  ('Акунович', 'Станислав', 'Иванович', 48),
  ('Бракович', 'Андрей', 'Игоревич', 48),
  ('Герман', 'Олег', 'Витольдович', 48),
  ('Гурин', 'Николай', 'Иванович', 48),
  ('Кобайло', 'Александр', 'Серафимович', 48),
  ('Пацей', 'Наталья', 'Владимировна', 48),
  ('Пустовалова', 'Наталья', 'Николаевна', 48),
  ('Шиман', 'Дмитрий', 'Васильевич', 48),
  ('Жиляк', 'Надежда', 'Александровна', 48),
  ('Булова', 'Юлия', 'Сергеевна', 48),
  ('Мороз', 'Елена', 'Станиславовна', 48),
  ('Пласковицкий', 'Владимир', 'Александрович', 48),
  ('Сухорукова', 'Ирина', 'Геннадьевна', 48),
  ('Чуриков', 'Константин', 'Валерьевич', 48),
  ('Шутько', 'Надежда', 'Павловна', 48),
  ('Гладкий', 'Максим', 'Валерьевич', 48),
  ('Цыганенко', 'Никита', 'Павлович', 48),
  ('Блинова', 'Евгения', 'Александровна', 48),
  ('Жук', 'Ярослав', 'Александрович', 48),
  ('Сычев', 'Алексей', 'Анатольевич', 48),

  ('Романенко', 'Дмитрий', 'Михайлович', 49),
  ('Дятко', 'Александр', 'Аркадьевич', 49),
  ('Лащенко', 'Анатолий', 'Павлович', 49),
  ('Азарчик', 'Роман', 'Владимирович', 49),
  ('Кишкурно', 'Татьяна', 'Вадимовна', 49),
  ('Брусенцова', 'Татьяна', 'Палладьевна', 49),
  ('Кудлацкая', 'Марина', 'Федоровна', 49),
  ('Драко', 'Арсений', 'Михайлович', 49),
  ('Борисевич', 'Сергей', 'Анатольевич', 49),
  ('Миронов', 'Игорь', 'Александрович', 49),

  ('Крук', 'Николай', 'Николаевич', 50),
  ('Наркевич', 'Иван', 'Иванович', 50),
  ('Бобрович', 'Олег', 'Георгиевич', 50),
  ('Кленицкий', 'Дмитрий', 'Викентьевич', 50),
  ('Крылов', 'Андрей', 'Борисович', 50),
  ('Мадьяров', 'Владимир', 'Рафкатович', 50),
  ('Мисевич', 'Алексей', 'Васильевич', 50),
  ('Поплавский', 'Василий', 'Владимирович', 50),
  ('Почтенный', 'Артем', 'Евгеньевич', 50),
  ('Тульев', 'Валентин', 'Валентинович', 50),
  ('Чаевский', 'Вадим', 'Витальевич', 50),
  ('Фарафонтова', 'Елена', 'Валерьевна', 50),
  ('Буцень', 'Андрей', 'Викторович', 50),
  ('Вершиловская', 'Ирина', 'Вацлавовна', 50),
  ('Лаппо', 'Алеся', 'Николаевна', 50),

  ('Касперов', 'Георгий', 'Иванович', 51),
  ('Бобрович', 'Владимир', 'Аркадьевич', 51),
  ('Бобровский', 'Сергей', 'Эдуардович', 51),
  ('Войтеховский', 'Борис', 'Викторович', 51),
  ('Гиль', 'Виталий', 'Иванович', 51),
  ('Исаченков', 'Владимир', 'Сергеевич', 51),
  ('Калтыгин', 'Александр', 'Львович', 51),
  ('Ким', 'Юрий', 'Алексеевич', 51),
  ('Красковский', 'Станислав', 'Владимирович', 51),
  ('Ращупкин', 'Сергей', 'Вячеславович', 51),

  ('Пыжкова', 'Ольга', 'Николаевна', 52),
  ('Асмыкович', 'Иван', 'Кузьмич', 52),
  ('Борковская', 'Инна', 'Мечиславовна', 52),
  ('Волк', 'Анатолий', 'Матвеевич', 52),
  ('Игнатенко', 'Василий', 'Васильевич', 52),
  ('Ловенецкая', 'Елена', 'Ивановна', 52),
  ('Соловьева', 'Ирина', 'Федоровна', 52),
  ('Якименко', 'Андрей', 'Александрович', 52),
  ('Яроцкая', 'Людмила', 'Дмитриевна', 52),
  ('Янович', 'Сергей', 'Владимирович', 52),
  ('Бочило', 'Наталья', 'Владимировна', 52),
  ('Калиновская', 'Елена', 'Валентиновна', 52),
  ('Кричавец', 'Елена', 'Яковлевна', 52),
  ('Лось', 'Инна', 'Павловна', 52),
  ('Любецкая', 'Татьяна', 'Андреевна', 52),
  ('Терешко', 'Елена', 'Владимировна', 52),
  ('Устилко', 'Екатерина', 'Валерьевна', 52),
  ('Шагова', 'Татьяна', 'Григорьевна', 52);

INSERT INTO disciplines (discipline) VALUES
  ('Web-дизайн и шаблоны проектирования'),
  ('Автоматизация процессов в полиграфии'),
  ('Администрирование баз данных и приложений'),
  ('Администрирование и защита Интернет-систем'),
  ('Администрирование информационных систем и web-порталов'),
  ('Арифметико-логические основы цифровых вычислительных машин и архитектура компьютеров'),
  ('Базы данных'),
  ('Безопасность программного обеспечения мобильных систем'),
  ('Белорусский язык'),
  ('Веб-программирование электронных изданий'),
  ('Великая Отечественная война советского народа (в контексте второй мировой войны)'),
  ('Встроенные системы'),
  ('Деловой иностранный язык'),
  ('Делопроизводство'),
  ('Дизайн и юзабилити интерфейсов пользователя мобильных устройств'),
  ('Дизайн и юзабилити интерфейсов пользователя'),
  ('Дизайн электронных и веб-изданий'),
  ('Защита информации и надежность информационных систем'),
  ('Инженерная геометрия и графика'),
  ('Иностранный язык'),
  ('Интегрированный модуль История'),
  ('Интегрированный модуль Политология'),
  ('Интегрированный модуль Философия'),
  ('Интегрированный модуль Экономика'),
  ('Компьютерная геометрия и графика'),
  ('Компьютерные мультимедийные системы в издательском деле'),
  ('Компьютерные мультимедийные системы'),
  ('Компьютерные сети'),
  ('Компьютерные системы и сети'),
  ('Компьютерные языки разметки'),
  ('Корпоративные информационные системы'),
  ('Коррупция и ее общественная опасность'),
  ('Криптографические методы защиты информации'),
  ('Математика'),
  ('Математические основы криптографии'),
  ('Математическое программирование'),
  ('Метрология, стандартизация и сертификация в полиграфическом производстве'),
  ('Моделирование и анимация в медиаиндустрии'),
  ('Моделирование и оптимизация процессов и систем'),
  ('Надежность программного обеспечения'),
  ('Облачные технологии'),
  ('Оборудование и основы допечатных и печатных процессов'),
  ('Обработка изобразительной информации'),
  ('Объектно-ориентированное программирование'),
  ('Объектно-ориентированные технологии программирования и стандарты проектирования'),
  ('Операционные системы и системное программирование'),
  ('Операционные системы мобильных устройств'),
  ('Операционные системы'),
  ('Организация производства и управление предприятием'),
  ('Основы алгоритмизации и программирования'),
  ('Основы бизнеса и права в информационных технологиях'),
  ('Основы дискретной математики и теории алгоритмов'),
  ('Основы защиты информации (основы управления интеллектуальной собственностью)'),
  ('Основы информационных технологий'),
  ('Основы композиции в дизайне'),
  ('Основы общей химии'),
  ('Основы программирования интернет-приложений'),
  ('Основы трехмерного моделирования'),
  ('Основы управления интеллектуальной собственностью'),
  ('Основы электроники и цифровой передачи данных'),
  ('Полиграфика'),
  ('Полиграфические машины, автоматы и поточные линии'),
  ('Прикладные программные средства компьютерной графики и дизайна'),
  ('Программирование web-сервисов'),
  ('Программирование в Internet'),
  ('Программирование и безопасность баз данных web-приложений'),
  ('Программирование и безопасность баз данных мобильных систем'),
  ('Программирование и безопасность сетевых приложений'),
  ('Программирование Интернет-серверов'),
  ('Программирование мобильных систем'),
  ('Программирование мультимедийных и многомерных мобильных приложений'),
  ('Программирование мультимедийных и многомерных приложений'),
  ('Программирование серверных кроссплатформенных приложений'),
  ('Программирование сетевых приложений'),
  ('Программное обеспечение безопасных мобильных систем'),
  ('Программное обеспечение встроенных и smart систем'),
  ('Проектирование веб-систем'),
  ('Проектирование интернет-систем'),
  ('Проектирование интерфейсов продуктов массмедиа'),
  ('Проектирование программного обеспечения мобильных приложений'),
  ('Разработка динамичных web-приложений'),
  ('Распределенные информационные системы'),
  ('Распределенные системы'),
  ('Реклама и продвижение электронных и веб-изданий'),
  ('Системное программирование'),
  ('Системы и технологии интеллектуальной обработки данных'),
  ('Системы мобильной связи'),
  ('Системы разработки кроссплатформенных мобильных приложений'),
  ('Системы управления контентом'),
  ('Служебный этикет и делопроизводство'),
  ('Современные технологии программирования в Internet'),
  ('Современные технологии программирования мобильных систем'),
  ('Специализированный модуль Безопасность жизнедеятельности человека'),
  ('Специализированный модуль История мировой культуры'),
  ('Специализированный модуль Основы права и права человека'),
  ('Специализированный модуль Теория отраслевых рынков'),
  ('Специализированный модуль Философские основы стратегии устойчивого развития'),
  ('Специализированный модуль Этика и эстетика'),
  ('Стандартизация и сертификация информационных системы и технологий'),
  ('Стандартизация информационных систем и технологий'),
  ('Теория дизайна'),
  ('Теория массовой коммуникации и массмедиа'),
  ('Теория цвета'),
  ('Тестирование и стандартизация программного обеспечения мобильных систем'),
  ('Тестирование программного обеспечения'),
  ('Управление IT-проектами и информационный менеджмент'),
  ('Физика'),
  ('Физическая культура'),
  ('ЭВМ и периферийное оборудование'),
  ('ЭВМ, вычислительные системы и периферийное оборудование'),
  ('Языки программирования');

INSERT INTO academic_plan (code_of_specialty, id_of_discipline, semester) VALUES
  ('1-40 05 01', 23, 3),
  ('1-40 05 01', 24, 4),
  ('1-40 05 01', 22, 5),
  ('1-40 05 01', 21, 1),
  ('1-40 05 01', 95, 6),
  ('1-40 05 01', 96, 6),
  ('1-40 05 01', 94, 2),
  ('1-40 05 01', 97, 2),
  ('1-40 05 01', 98, 2),
  ('1-40 05 01', 34, 1),
  ('1-40 05 01', 34, 2),
  ('1-40 05 01', 34, 3),
  ('1-40 05 01', 107, 1),
  ('1-40 05 01', 52, 3),
  ('1-40 05 01', 36, 4),
  ('1-40 05 01', 56, 2),
  ('1-40 05 01', 6, 1),
  ('1-40 05 01', 6, 2),
  ('1-40 05 01', 19, 3),
  ('1-40 05 01', 20, 1),
  ('1-40 05 01', 20, 2),
  ('1-40 05 01', 93, 5),
  ('1-40 05 01', 50, 1),
  ('1-40 05 01', 50, 2),
  ('1-40 05 01', 53, 4),
  ('1-40 05 01', 51, 5),
  ('1-40 05 01', 48, 2),
  ('1-40 05 01', 28, 3),
  ('1-40 05 01', 44, 3),
  ('1-40 05 01', 44, 4),
  ('1-40 05 01', 74, 5),
  ('1-40 05 01', 7, 4),
  ('1-40 05 01', 65, 6),
  ('1-40 05 01', 65, 7),
  ('1-40 05 01', 25, 4),
  ('1-40 05 01', 85, 6),
  ('1-40 05 01', 3, 5),
  ('1-40 05 01', 82, 6),
  ('1-40 05 01', 62, 6),
  ('1-40 05 01', 2, 6),
  ('1-40 05 01', 26, 4),
  ('1-40 05 01', 26, 5),
  ('1-40 05 01', 54, 1),
  ('1-40 05 01', 54, 2),
  ('1-40 05 01', 86, 7),
  ('1-40 05 01', 9, 1),
  ('1-40 05 01', 42, 3),
  ('1-40 05 01', 16, 3),
  ('1-40 05 01', 37, 4),
  ('1-40 05 01', 39, 5),
  ('1-40 05 01', 39, 6),
  ('1-40 05 01', 12, 7),
  ('1-40 05 01', 12, 8),
  ('1-40 05 01', 18, 5),
  ('1-40 05 01', 18, 6),
  ('1-40 05 01', 5, 6),
  ('1-40 05 01', 5, 7),
  ('1-40 05 01', 70, 7),
  ('1-40 05 01', 110, 4),
  ('1-40 05 01', 49, 7),
  ('1-40 05 01', 106, 8),
  ('1-40 05 01', 81, 8),
  ('1-40 05 01', 41, 8),
  ('1-40 05 01', 105, 7),
  ('1-40 05 01', 108, 1),
  ('1-40 05 01', 108, 2),
  ('1-40 05 01', 108, 3),
  ('1-40 05 01', 108, 4),
  ('1-40 05 01', 108, 5),
  ('1-40 05 01', 108, 6),
  /*факультативные занятия*/
  ('1-40 05 01', 13, 5),
  ('1-40 05 01', 32, 2),
  ('1-40 05 01', 90, 6),
  ('1-40 05 01', 11, 2),
  /*курсовые проекты*/
  ('1-40 05 01', 3, 6),

  ('1-40 01 01', 23, 3),
  ('1-40 01 01', 24, 4),
  ('1-40 01 01', 22, 5),
  ('1-40 01 01', 21, 1),
  ('1-40 01 01', 95, 6),
  ('1-40 01 01', 96, 6),
  ('1-40 01 01', 94, 2),
  ('1-40 01 01', 97, 2),
  ('1-40 01 01', 98, 2),
  ('1-40 01 01', 34, 1),
  ('1-40 01 01', 34, 2),
  ('1-40 01 01', 34, 3),
  ('1-40 01 01', 107, 1),
  ('1-40 01 01', 52, 3),
  ('1-40 01 01', 36, 4),
  ('1-40 01 01', 6, 1),
  ('1-40 01 01', 19, 3),
  ('1-40 01 01', 20, 1),
  ('1-40 01 01', 20, 2),
  ('1-40 01 01', 50, 1),
  ('1-40 01 01', 50, 2),
  ('1-40 01 01', 111, 2),
  ('1-40 01 01', 111, 3),
  ('1-40 01 01', 29, 2),
  ('1-40 01 01', 29, 3),
  ('1-40 01 01', 53, 4),
  ('1-40 01 01', 45, 3),
  ('1-40 01 01', 45, 4),
  ('1-40 01 01', 7, 4),
  ('1-40 01 01', 7, 5),
  ('1-40 01 01', 93, 5),
  ('1-40 01 01', 51, 5),
  ('1-40 01 01', 46, 5),
  ('1-40 01 01', 46, 6),
  ('1-40 01 01', 40, 7),
  ('1-40 01 01', 54, 1),
  ('1-40 01 01', 9, 1),
  ('1-40 01 01', 30, 2),
  ('1-40 01 01', 109, 3),
  ('1-40 01 01', 25, 4),
  ('1-40 01 01', 91, 4),
  ('1-40 01 01', 91, 5),
  ('1-40 01 01', 73, 5),
  ('1-40 01 01', 73, 6),
  ('1-40 01 01', 83, 6),
  ('1-40 01 01', 33, 6),
  ('1-40 01 01', 66, 6),
  ('1-40 01 01', 4, 7),
  ('1-40 01 01', 78, 7),
  ('1-40 01 01', 72, 7),
  ('1-40 01 01', 89, 7),
  ('1-40 01 01', 31, 8),
  ('1-40 01 01', 99, 8),
  ('1-40 01 01', 106, 8),
  ('1-40 01 01', 1, 4),
  ('1-40 01 01', 68, 5),
  ('1-40 01 01', 69, 6),
  ('1-40 01 01', 57, 6),
  ('1-40 01 01', 64, 7),
  ('1-40 01 01', 65, 7),
  ('1-40 01 01', 108, 1),
  ('1-40 01 01', 108, 2),
  ('1-40 01 01', 108, 3),
  ('1-40 01 01', 108, 4),
  ('1-40 01 01', 108, 5),
  ('1-40 01 01', 108, 6),
  /*факультативные занятия*/
  ('1-40 01 01', 13, 5),
  ('1-40 01 01', 32, 2),
  ('1-40 01 01', 90, 6),
  ('1-40 01 01', 11, 2),

  ('1-98 01 03', 23, 3),
  ('1-98 01 03', 24, 4),
  ('1-98 01 03', 22, 5),
  ('1-98 01 03', 21, 1),
  ('1-98 01 03', 95, 6),
  ('1-98 01 03', 96, 6),
  ('1-98 01 03', 94, 2),
  ('1-98 01 03', 97, 2),
  ('1-98 01 03', 98, 2),
  ('1-98 01 03', 34, 1),
  ('1-98 01 03', 34, 2),
  ('1-98 01 03', 34, 3),
  ('1-98 01 03', 107, 1),
  ('1-98 01 03', 52, 3),
  ('1-98 01 03', 36, 4),
  ('1-98 01 03', 6, 1),
  ('1-98 01 03', 6, 2),
  ('1-98 01 03', 19, 3),
  ('1-98 01 03', 20, 1),
  ('1-98 01 03', 20, 2),
  ('1-98 01 03', 9, 1),
  ('1-98 01 03', 50, 1),
  ('1-98 01 03', 50, 2),
  ('1-98 01 03', 30, 2),
  ('1-98 01 03', 30, 3),
  ('1-98 01 03', 47, 2),
  ('1-98 01 03', 47, 3),
  ('1-98 01 03', 28, 3),
  ('1-98 01 03', 92, 3),
  ('1-98 01 03', 92, 4),
  ('1-98 01 03', 92, 5),
  ('1-98 01 03', 53, 4),
  ('1-98 01 03', 25, 4),
  ('1-98 01 03', 25, 5),
  ('1-98 01 03', 87, 4),
  ('1-98 01 03', 7, 4),
  ('1-98 01 03', 93, 5),
  ('1-98 01 03', 67, 5),
  ('1-98 01 03', 67, 6),
  ('1-98 01 03', 51, 5),
  ('1-98 01 03', 33, 6),
  ('1-98 01 03', 75, 6),
  ('1-98 01 03', 75, 7),
  ('1-98 01 03', 104, 7),
  ('1-98 01 03', 54, 1),
  ('1-98 01 03', 60, 2),
  ('1-98 01 03', 60, 3),
  ('1-98 01 03', 15, 4),
  ('1-98 01 03', 35, 5),
  ('1-98 01 03', 68, 5),
  ('1-98 01 03', 8, 6),
  ('1-98 01 03', 88, 6),
  ('1-98 01 03', 69, 6),
  ('1-98 01 03', 65, 6),
  ('1-98 01 03', 65, 7),
  ('1-98 01 03', 71, 7),
  ('1-98 01 03', 80, 7),
  ('1-98 01 03', 76, 7),
  ('1-98 01 03', 49, 7),
  ('1-98 01 03', 99, 8),
  ('1-98 01 03', 106, 8),
  ('1-98 01 03', 41, 8),
  ('1-98 01 03', 108, 1),
  ('1-98 01 03', 108, 2),
  ('1-98 01 03', 108, 3),
  ('1-98 01 03', 108, 4),
  ('1-98 01 03', 108, 5),
  ('1-98 01 03', 108, 6),
  /*факультативные занятия*/
  ('1-98 01 03', 13, 5), /*деловой иностранный язык!!!*/
  ('1-98 01 03', 32, 2),
  ('1-98 01 03', 14, 6),
  ('1-98 01 03', 11, 2),

  ('1-47 01 02', 23, 3),
  ('1-47 01 02', 24, 4),
  ('1-47 01 02', 22, 5),
  ('1-47 01 02', 21, 1),
  ('1-47 01 02', 95, 6),
  ('1-47 01 02', 96, 6),
  ('1-47 01 02', 94, 2),
  ('1-47 01 02', 97, 2),
  ('1-47 01 02', 98, 2),
  ('1-47 01 02', 34, 1),
  ('1-47 01 02', 34, 2),
  ('1-47 01 02', 34, 3),
  ('1-47 01 02', 107, 1),
  ('1-47 01 02', 52, 3),
  ('1-47 01 02', 102, 2),
  ('1-47 01 02', 36, 4),
  ('1-47 01 02', 19, 3),
  ('1-47 01 02', 20, 1),
  ('1-47 01 02', 20, 2),
  ('1-47 01 02', 20, 3),
  ('1-47 01 02', 9, 1),
  ('1-47 01 02', 50, 1),
  ('1-47 01 02', 50, 2),
  ('1-47 01 02', 61, 1),
  ('1-47 01 02', 61, 2),
  ('1-47 01 02', 101, 2),
  ('1-47 01 02', 103, 4),
  ('1-47 01 02', 28, 3),
  ('1-47 01 02', 43, 5),
  ('1-47 01 02', 43, 6),
  ('1-47 01 02', 44, 3),
  ('1-47 01 02', 44, 4),
  ('1-47 01 02', 53, 4),
  ('1-47 01 02', 25, 4),
  ('1-47 01 02', 17, 5),
  ('1-47 01 02', 17, 6),
  ('1-47 01 02', 7, 4),
  ('1-47 01 02', 93, 5),
  ('1-47 01 02', 58, 5),
  ('1-47 01 02', 51, 5),
  ('1-47 01 02', 38, 6),
  ('1-47 01 02', 38, 7),
  ('1-47 01 02', 27, 6),
  ('1-47 01 02', 27, 7),
  ('1-47 01 02', 84, 7),
  ('1-47 01 02', 54, 1),
  ('1-47 01 02', 30, 2),
  ('1-47 01 02', 30, 3),
  ('1-47 01 02', 55, 3),
  ('1-47 01 02', 63, 4),
  ('1-47 01 02', 10, 5),
  ('1-47 01 02', 10, 6),
  ('1-47 01 02', 33, 6),
  ('1-47 01 02', 65, 7),
  ('1-47 01 02', 79, 6),
  ('1-47 01 02', 77, 7),
  ('1-47 01 02', 89, 7),
  ('1-47 01 02', 49, 7),
  ('1-47 01 02', 100, 8),
  ('1-47 01 02', 106, 8),
  ('1-47 01 02', 41, 8),
  ('1-47 01 02', 108, 1),
  ('1-47 01 02', 108, 2),
  ('1-47 01 02', 108, 3),
  ('1-47 01 02', 108, 4),
  ('1-47 01 02', 108, 5),
  ('1-47 01 02', 108, 6),
  /*факультативные занятия*/
  ('1-47 01 02', 13, 5),
  ('1-47 01 02', 32, 2),
  ('1-47 01 02', 11, 2),
  ('1-47 01 02', 59, 5),
  ('1-47 01 02', 14, 6); /*написано в планах, что 7 семестр!!!*/

INSERT INTO type_of_loads (short_name_of_load, full_name_of_load) VALUES
  ('З', 'Зачет'),
  ('К', 'Консультация'),
  ('КП', 'Курсовое проектирование'),
  ('КР', 'Курсовая работа'),
  ('ЛК', 'Лекция'),
  ('ЛР', 'Лабораторная работа'),
  ('ПЗ', 'Практическое занятие'),
  ('С', 'Семинар'),
  ('Э', 'Экзамен');

INSERT INTO load (code_of_specialty, id_of_discipline, semester, short_name_of_load, count_of_hours) VALUES
  ('1-40 05 01', 23, 3, 'ЛК', 34),
  ('1-40 05 01', 23, 3, 'С', 34),
  ('1-40 05 01', 23, 3, 'Э', 5),
  ('1-40 05 01', 24, 4, 'ЛК', 36),
  ('1-40 05 01', 24, 4, 'С', 36),
  ('1-40 05 01', 24, 4, 'Э', 4),
  ('1-40 05 01', 22, 5, 'ЛК', 16),
  ('1-40 05 01', 22, 5, 'С', 18),
  ('1-40 05 01', 22, 5, 'З', 2),
  ('1-40 05 01', 21, 1, 'ЛК', 16),
  ('1-40 05 01', 21, 1, 'С', 18),
  ('1-40 05 01', 21, 1, 'З', 2),
  ('1-40 05 01', 95, 6, 'ЛК', 24),
  ('1-40 05 01', 95, 6, 'С', 12),
  ('1-40 05 01', 95, 6, 'З', 2),
  ('1-40 05 01', 96, 6, 'ЛК', 24),
  ('1-40 05 01', 96, 6, 'С', 12),
  ('1-40 05 01', 96, 6, 'З', 2),
  ('1-40 05 01', 94, 2, 'ЛК', 24),
  ('1-40 05 01', 94, 2, 'С', 12),
  ('1-40 05 01', 94, 2, 'З', 2),
  ('1-40 05 01', 97, 2, 'ЛК', 24),
  ('1-40 05 01', 97, 2, 'С', 12),
  ('1-40 05 01', 97, 2, 'З', 2),
  ('1-40 05 01', 98, 2, 'ЛК', 24),
  ('1-40 05 01', 98, 2, 'С', 12),
  ('1-40 05 01', 98, 2, 'З', 2),
  ('1-40 05 01', 34, 1, 'ЛК', 68),
  ('1-40 05 01', 34, 1, 'ПЗ', 51),
  ('1-40 05 01', 34, 1, 'Э', 7.5),
  ('1-40 05 01', 34, 2, 'ЛК', 54),
  ('1-40 05 01', 34, 2, 'ПЗ', 72),
  ('1-40 05 01', 34, 2, 'Э', 6.5),
  ('1-40 05 01', 34, 3, 'ЛК', 34),
  ('1-40 05 01', 34, 3, 'ПЗ', 51),
  ('1-40 05 01', 34, 3, 'Э', 5),
  ('1-40 05 01', 107, 1, 'ЛК', 51),
  ('1-40 05 01', 107, 1, 'ЛР', 34),
  ('1-40 05 01', 107, 1, 'ПЗ', 34),
  ('1-40 05 01', 107, 1, 'Э', 6),
  ('1-40 05 01', 52, 3, 'ЛК', 34),
  ('1-40 05 01', 52, 3, 'ПЗ', 34),
  ('1-40 05 01', 52, 3, 'Э', 4),
  ('1-40 05 01', 36, 4, 'ЛК', 36),
  ('1-40 05 01', 36, 4, 'ЛР', 18),
  ('1-40 05 01', 36, 4, 'Э', 4),
  ('1-40 05 01', 56, 2, 'ЛК', 36),
  ('1-40 05 01', 56, 2, 'ЛР', 36),
  ('1-40 05 01', 56, 2, 'З', 3),
  ('1-40 05 01', 6, 1, 'ЛК', 34),
  ('1-40 05 01', 6, 1, 'ПЗ', 18),
  ('1-40 05 01', 6, 1, 'Э', 3),
  ('1-40 05 01', 6, 2, 'ЛК', 18),
  ('1-40 05 01', 6, 2, 'ПЗ', 18),
  ('1-40 05 01', 6, 2, 'З', 2),
  ('1-40 05 01', 19, 3, 'ЛК', 18), /*???*/
  ('1-40 05 01', 19, 3, 'ЛР', 34),
  ('1-40 05 01', 19, 3, 'З', 3),
  ('1-40 05 01', 20, 1, 'ПЗ', 68),
  ('1-40 05 01', 20, 1, 'З', 3),
  ('1-40 05 01', 20, 2, 'ПЗ', 54),
  ('1-40 05 01', 20, 2, 'Э', 4),
  ('1-40 05 01', 93, 5, 'ЛК', 34),
  ('1-40 05 01', 93, 5, 'ЛР', 17),
  ('1-40 05 01', 93, 5, 'ПЗ', 17),
  ('1-40 05 01', 93, 5, 'Э', 4),
  ('1-40 05 01', 50, 1, 'ЛК', 34),
  ('1-40 05 01', 50, 1, 'ЛР', 34),
  ('1-40 05 01', 50, 1, 'Э', 3.5),
  ('1-40 05 01', 50, 2, 'ЛК', 36),
  ('1-40 05 01', 50, 2, 'ЛР', 36),
  ('1-40 05 01', 50, 2, 'Э', 4),
  ('1-40 05 01', 53, 4, 'ЛК', 18),
  ('1-40 05 01', 53, 4, 'ПЗ', 36),
  ('1-40 05 01', 53, 4, 'З', 2.5),
  ('1-40 05 01', 51, 5, 'ЛК', 34),
  ('1-40 05 01', 51, 5, 'ПЗ', 34),
  ('1-40 05 01', 51, 5, 'Э', 4),
  ('1-40 05 01', 48, 2, 'ЛК', 36),
  ('1-40 05 01', 48, 2, 'ЛР', 36),
  ('1-40 05 01', 48, 2, 'Э', 4),
  ('1-40 05 01', 28, 3, 'ЛК', 34),
  ('1-40 05 01', 28, 3, 'ЛР', 34),
  ('1-40 05 01', 28, 3, 'Э', 4),
  ('1-40 05 01', 44, 3, 'ЛК', 34),
  ('1-40 05 01', 44, 3, 'ЛР', 34),
  ('1-40 05 01', 44, 3, 'Э', 4),
  ('1-40 05 01', 44, 4, 'ЛК', 36),
  ('1-40 05 01', 44, 4, 'ЛР', 36),
  ('1-40 05 01', 44, 4, 'Э', 4),
  ('1-40 05 01', 44, 4, 'КП', 40), /*КУРСОВОЙ ПРОЕКТ*/
  ('1-40 05 01', 74, 5, 'ЛК', 34),
  ('1-40 05 01', 74, 5, 'ЛР', 34),
  ('1-40 05 01', 74, 5, 'Э', 3.5),
  ('1-40 05 01', 7, 4, 'ЛК', 36),
  ('1-40 05 01', 7, 4, 'ЛР', 36),
  ('1-40 05 01', 7, 4, 'Э', 4),
  ('1-40 05 01', 65, 6, 'ЛК', 36),
  ('1-40 05 01', 65, 6, 'ЛР', 36),
  ('1-40 05 01', 65, 6, 'З', 2.5),
  ('1-40 05 01', 65, 7, 'ЛК', 34),
  ('1-40 05 01', 65, 7, 'ЛР', 51),
  ('1-40 05 01', 65, 7, 'Э', 4.5),
  ('1-40 05 01', 65, 7, 'КП', 40), /*КУРСОВОЙ ПРОЕКТ*/
  ('1-40 05 01', 25, 4, 'ЛК', 36),
  ('1-40 05 01', 25, 4, 'ЛР', 54),
  ('1-40 05 01', 25, 4, 'Э', 4),
  ('1-40 05 01', 85, 6, 'ЛК', 36),
  ('1-40 05 01', 85, 6, 'ЛР', 36),
  ('1-40 05 01', 85, 6, 'Э', 4),
  ('1-40 05 01', 3, 5, 'ЛК', 34),
  ('1-40 05 01', 3, 5, 'ЛР', 51),
  ('1-40 05 01', 3, 5, 'Э', 4),
  ('1-40 05 01', 3, 6, 'КП', 40), /*КУРСОВОЙ ПРОЕКТ*/
  ('1-40 05 01', 82, 6, 'ЛК', 36),
  ('1-40 05 01', 82, 6, 'ЛР', 36),
  ('1-40 05 01', 82, 6, 'Э', 4),
  ('1-40 05 01', 62, 6, 'ЛК', 36),
  ('1-40 05 01', 62, 6, 'ЛР', 18),
  ('1-40 05 01', 62, 6, 'З', 2),
  ('1-40 05 01', 2, 6, 'ЛК', 36),
  ('1-40 05 01', 2, 6, 'ЛР', 18),
  ('1-40 05 01', 2, 6, 'З', 2),
  ('1-40 05 01', 26, 4, 'ЛК', 36),
  ('1-40 05 01', 26, 4, 'ЛР', 36),
  ('1-40 05 01', 26, 4, 'З', 2.5),
  ('1-40 05 01', 26, 5, 'ЛК', 34),
  ('1-40 05 01', 26, 5, 'ЛР', 34),
  ('1-40 05 01', 26, 5, 'Э', 3.5),
  ('1-40 05 01', 26, 5, 'КП', 40), /*КУРСОВОЙ ПРОЕКТ*/
  ('1-40 05 01', 54, 1, 'ЛК', 17),
  ('1-40 05 01', 54, 1, 'ЛР', 34),
  ('1-40 05 01', 54, 1, 'Э', 3),
  ('1-40 05 01', 54, 2, 'ЛК', 36),
  ('1-40 05 01', 54, 2, 'ЛР', 54),
  ('1-40 05 01', 54, 2, 'Э', 4.5),
  ('1-40 05 01', 86, 7, 'ЛК', 34),
  ('1-40 05 01', 86, 7, 'ЛР', 34),
  ('1-40 05 01', 86, 7, 'Э', 4),
  ('1-40 05 01', 9, 1, 'ПЗ', 34),
  ('1-40 05 01', 9, 1, 'З', 2),
  ('1-40 05 01', 42, 3, 'ЛК', 34),
  ('1-40 05 01', 42, 3, 'ЛР', 17),
  ('1-40 05 01', 42, 3, 'З', 2),
  ('1-40 05 01', 16, 3, 'ЛК', 17),
  ('1-40 05 01', 16, 3, 'ЛР', 34),
  ('1-40 05 01', 16, 3, 'З', 2),
  ('1-40 05 01', 16, 3, 'КР', 30), /*КУРСОВАЯ РАБОТА*/
  ('1-40 05 01', 37, 4, 'ЛК', 18),
  ('1-40 05 01', 37, 4, 'ЛР', 18),
  ('1-40 05 01', 37, 4, 'З', 1.5),
  ('1-40 05 01', 39, 5, 'ЛК', 17),
  ('1-40 05 01', 39, 5, 'ЛР', 34),
  ('1-40 05 01', 39, 5, 'З', 2),
  ('1-40 05 01', 39, 6, 'ЛК', 36),
  ('1-40 05 01', 39, 6, 'ЛР', 18),
  ('1-40 05 01', 39, 6, 'Э', 3),
  ('1-40 05 01', 12, 7, 'ЛК', 34),
  ('1-40 05 01', 12, 7, 'ЛР', 34),
  ('1-40 05 01', 12, 7, 'З', 4),
  ('1-40 05 01', 12, 8, 'ЛК', 12),
  ('1-40 05 01', 12, 8, 'ЛР', 24),
  ('1-40 05 01', 12, 8, 'Э', 2),
  ('1-40 05 01', 18, 5, 'ЛК', 34),
  ('1-40 05 01', 18, 5, 'ЛР', 34),
  ('1-40 05 01', 18, 5, 'З', 2.5),
  ('1-40 05 01', 18, 6, 'ЛК', 36),
  ('1-40 05 01', 18, 6, 'ЛР', 36),
  ('1-40 05 01', 18, 6, 'Э', 3.5),
  ('1-40 05 01', 18, 6, 'КР', 30), /*КУРСОВАЯ РАБОТА*/
  ('1-40 05 01', 5, 6, 'ЛК', 36),
  ('1-40 05 01', 5, 6, 'ЛР', 36),
  ('1-40 05 01', 5, 6, 'Э', 2.5),
  ('1-40 05 01', 5, 7, 'ЛК', 16),
  ('1-40 05 01', 5, 7, 'ЛР', 18),
  ('1-40 05 01', 5, 7, 'З', 2.5),
  ('1-40 05 01', 5, 7, 'КР', 30), /*КУРСОВАЯ РАБОТА*/
  ('1-40 05 01', 70, 7, 'ЛК', 51),
  ('1-40 05 01', 70, 7, 'ЛР', 51),
  ('1-40 05 01', 70, 7, 'Э', 6.5),
  ('1-40 05 01', 110, 4, 'ЛК', 18),
  ('1-40 05 01', 110, 4, 'ЛР', 36),
  ('1-40 05 01', 110, 4, 'З', 2.5),
  ('1-40 05 01', 49, 7, 'ЛК', 17),
  ('1-40 05 01', 49, 7, 'ЛР', 17),
  ('1-40 05 01', 49, 7, 'ПЗ', 17),
  ('1-40 05 01', 49, 7, 'З', 2.5),
  ('1-40 05 01', 106, 8, 'ЛК', 24),
  ('1-40 05 01', 106, 8, 'ПЗ', 24),
  ('1-40 05 01', 106, 8, 'З', 2.5),
  ('1-40 05 01', 81, 8, 'ЛК', 18),
  ('1-40 05 01', 81, 8, 'ЛР', 18),
  ('1-40 05 01', 81, 8, 'З', 2),
  ('1-40 05 01', 41, 8, 'ЛК', 24),
  ('1-40 05 01', 41, 8, 'ЛР', 24),
  ('1-40 05 01', 41, 8, 'Э', 2.5),
  ('1-40 05 01', 105, 7, 'ЛК', 34),
  ('1-40 05 01', 105, 7, 'ЛР', 34),
  ('1-40 05 01', 105, 7, 'Э', 3.5),
  ('1-40 05 01', 108, 1, 'ПЗ', 68),
  ('1-40 05 01', 108, 2, 'ПЗ', 72),
  ('1-40 05 01', 108, 3, 'ПЗ', 68),
  ('1-40 05 01', 108, 4, 'ПЗ', 72),
  ('1-40 05 01', 108, 5, 'ПЗ', 68),
  ('1-40 05 01', 108, 6, 'ПЗ', 72),
  /*факультативные занятия*/
  ('1-40 05 01', 13, 5, 'ПЗ', 34),
  ('1-40 05 01', 32, 2, 'ЛК', 10),
  ('1-40 05 01', 90, 6, 'ЛК', 16),
  ('1-40 05 01', 11, 2, 'ЛК', 10);

INSERT INTO load (code_of_specialty, id_of_discipline, semester, short_name_of_load, count_of_hours) VALUES
  ('1-40 01 01', 23, 3, 'ЛК', 34),
  ('1-40 01 01', 23, 3, 'С', 34),
  ('1-40 01 01', 23, 3, 'Э', 5),
  ('1-40 01 01', 24, 4, 'ЛК', 36),
  ('1-40 01 01', 24, 4, 'С', 36),
  ('1-40 01 01', 24, 4, 'Э', 4),
  ('1-40 01 01', 22, 5, 'ЛК', 16),
  ('1-40 01 01', 22, 5, 'С', 18),
  ('1-40 01 01', 22, 5, 'З', 2),
  ('1-40 01 01', 21, 1, 'ЛК', 16),
  ('1-40 01 01', 21, 1, 'С', 18),
  ('1-40 01 01', 21, 1, 'З', 2),
  ('1-40 01 01', 95, 6, 'ЛК', 24),
  ('1-40 01 01', 95, 6, 'С', 12),
  ('1-40 01 01', 95, 6, 'З', 2),
  ('1-40 01 01', 96, 6, 'ЛК', 24),
  ('1-40 01 01', 96, 6, 'С', 12),
  ('1-40 01 01', 96, 6, 'З', 2),
  ('1-40 01 01', 94, 2, 'ЛК', 24),
  ('1-40 01 01', 94, 2, 'С', 12),
  ('1-40 01 01', 94, 2, 'З', 2),
  ('1-40 01 01', 97, 2, 'ЛК', 24),
  ('1-40 01 01', 97, 2, 'С', 12),
  ('1-40 01 01', 97, 2, 'З', 2),
  ('1-40 01 01', 98, 2, 'ЛК', 24),
  ('1-40 01 01', 98, 2, 'С', 12),
  ('1-40 01 01', 98, 2, 'З', 2),
  ('1-40 01 01', 34, 1, 'ЛК', 68),
  ('1-40 01 01', 34, 1, 'ПЗ', 51),
  ('1-40 01 01', 34, 1, 'Э', 7.5),
  ('1-40 01 01', 34, 2, 'ЛК', 54),
  ('1-40 01 01', 34, 2, 'ПЗ', 72),
  ('1-40 01 01', 34, 2, 'Э', 6.5),
  ('1-40 01 01', 34, 3, 'ЛК', 34),
  ('1-40 01 01', 34, 3, 'ПЗ', 51),
  ('1-40 01 01', 34, 3, 'Э', 5),
  ('1-40 01 01', 107, 1, 'ЛК', 50),
  ('1-40 01 01', 107, 1, 'ЛР', 34),
  ('1-40 01 01', 107, 1, 'ПЗ', 17),
  ('1-40 01 01', 107, 1, 'Э', 6),
  ('1-40 01 01', 52, 3, 'ЛК', 34),
  ('1-40 01 01', 52, 3, 'ПЗ', 34),
  ('1-40 01 01', 52, 3, 'Э', 4),
  ('1-40 01 01', 36, 4, 'ЛК', 36),
  ('1-40 01 01', 36, 4, 'ЛР', 18),
  ('1-40 01 01', 36, 4, 'Э', 4),
  ('1-40 01 01', 6, 1, 'ЛК', 34),
  ('1-40 01 01', 6, 1, 'ПЗ', 18),
  ('1-40 01 01', 6, 1, 'Э', 3),
  ('1-40 01 01', 19, 3, 'ЛК', 18), /*???*/
  ('1-40 01 01', 19, 3, 'ЛР', 34),
  ('1-40 01 01', 19, 3, 'З', 2),
  ('1-40 01 01', 20, 1, 'ПЗ', 68),
  ('1-40 01 01', 20, 1, 'З', 3),
  ('1-40 01 01', 20, 2, 'ПЗ', 54),
  ('1-40 01 01', 20, 2, 'Э', 4.5),
  ('1-40 01 01', 50, 1, 'ЛК', 34),
  ('1-40 01 01', 50, 1, 'ЛР', 34),
  ('1-40 01 01', 50, 1, 'Э', 3.5),
  ('1-40 01 01', 50, 2, 'ЛК', 36),
  ('1-40 01 01', 50, 2, 'ЛР', 36),
  ('1-40 01 01', 50, 2, 'Э', 4.5),
  ('1-40 01 01', 111, 2, 'ЛК', 54),
  ('1-40 01 01', 111, 2, 'ЛР', 54),
  ('1-40 01 01', 111, 2, 'З', 6),
  ('1-40 01 01', 111, 3, 'ЛК', 34),
  ('1-40 01 01', 111, 3, 'ЛР', 34),
  ('1-40 01 01', 111, 3, 'Э', 3),
  ('1-40 01 01', 111, 3, 'КП', 40), /*КУРСОВОЙ ПРОЕКТ*/
  ('1-40 01 01', 29, 2, 'ЛК', 18),
  ('1-40 01 01', 29, 2, 'ЛР', 18),
  ('1-40 01 01', 29, 2, 'З', 2),
  ('1-40 01 01', 29, 3, 'ЛК', 34),
  ('1-40 01 01', 29, 3, 'ЛР', 34),
  ('1-40 01 01', 29, 3, 'Э', 4),
  ('1-40 01 01', 53, 4, 'ЛК', 18),
  ('1-40 01 01', 53, 4, 'ПЗ', 36),
  ('1-40 01 01', 53, 4, 'З', 2.5),
  ('1-40 01 01', 45, 3, 'ЛК', 34),
  ('1-40 01 01', 45, 3, 'ЛР', 34),
  ('1-40 01 01', 45, 3, 'Э', 4),
  ('1-40 01 01', 45, 4, 'ЛК', 36),
  ('1-40 01 01', 45, 4, 'ЛР', 36),
  ('1-40 01 01', 45, 4, 'Э', 3.5),
  ('1-40 01 01', 45, 4, 'КП', 40), /*КУРСОВОЙ ПРОЕКТ*/
  ('1-40 01 01', 7, 4, 'ЛК', 36),
  ('1-40 01 01', 7, 4, 'ЛР', 36),
  ('1-40 01 01', 7, 4, 'З', 4),
  ('1-40 01 01', 7, 5, 'ЛК', 34),
  ('1-40 01 01', 7, 5, 'ЛР', 51),
  ('1-40 01 01', 7, 5, 'Э', 5),
  ('1-40 01 01', 7, 5, 'КП', 40), /*КУРСОВОЙ ПРОЕКТ*/
  ('1-40 01 01', 93, 5, 'ЛК', 34),
  ('1-40 01 01', 93, 5, 'ЛР', 18),
  ('1-40 01 01', 93, 5, 'ПЗ', 16),
  ('1-40 01 01', 93, 5, 'Э', 4),
  ('1-40 01 01', 51, 5, 'ЛК', 34),
  ('1-40 01 01', 51, 5, 'ПЗ', 34),
  ('1-40 01 01', 51, 5, 'Э', 4),
  ('1-40 01 01', 46, 5, 'ЛК', 34),
  ('1-40 01 01', 46, 5, 'ЛР', 34),
  ('1-40 01 01', 46, 5, 'З', 2.5),
  ('1-40 01 01', 46, 6, 'ЛК', 36),
  ('1-40 01 01', 46, 6, 'ЛР', 54),
  ('1-40 01 01', 46, 6, 'Э', 5),
  ('1-40 01 01', 40, 7, 'ЛК', 34),
  ('1-40 01 01', 40, 7, 'ЛР', 34),
  ('1-40 01 01', 40, 7, 'Э', 4),
  ('1-40 01 01', 54, 1, 'ЛК', 17),
  ('1-40 01 01', 54, 1, 'ЛР', 34),
  ('1-40 01 01', 54, 1, 'Э', 3),
  ('1-40 01 01', 9, 1, 'ПЗ', 34),
  ('1-40 01 01', 9, 1, 'З', 2),
  ('1-40 01 01', 30, 2, 'ЛК', 36),
  ('1-40 01 01', 30, 2, 'ЛР', 54),
  ('1-40 01 01', 30, 2, 'Э', 5),
  ('1-40 01 01', 109, 3, 'ЛК', 17),
  ('1-40 01 01', 109, 3, 'ЛР', 34),
  ('1-40 01 01', 109, 3, 'З', 2),
  ('1-40 01 01', 25, 4, 'ЛК', 36),
  ('1-40 01 01', 25, 4, 'ЛР', 54),
  ('1-40 01 01', 25, 4, 'Э', 5),
  ('1-40 01 01', 91, 4, 'ЛК', 36),
  ('1-40 01 01', 91, 4, 'ЛР', 36),
  ('1-40 01 01', 91, 4, 'Э', 4),
  ('1-40 01 01', 91, 5, 'ЛК', 17),
  ('1-40 01 01', 91, 5, 'ЛР', 17),
  ('1-40 01 01', 91, 5, 'З', 2),
  ('1-40 01 01', 73, 5, 'ЛК', 34),
  ('1-40 01 01', 73, 5, 'ЛР', 51),
  ('1-40 01 01', 73, 5, 'Э', 4),
  ('1-40 01 01', 73, 6, 'ЛК', 54),
  ('1-40 01 01', 73, 6, 'ЛР', 54),
  ('1-40 01 01', 73, 6, 'Э', 4.5),
  ('1-40 01 01', 73, 6, 'КП', 40), /*КУРСОВОЙ ПРОЕКТ*/
  ('1-40 01 01', 83, 6, 'ЛК', 36),
  ('1-40 01 01', 83, 6, 'ЛР', 18),
  ('1-40 01 01', 83, 6, 'Э', 3),
  ('1-40 01 01', 33, 6, 'ЛК', 36),
  ('1-40 01 01', 33, 6, 'ЛР', 36),
  ('1-40 01 01', 33, 6, 'Э', 3.5),
  ('1-40 01 01', 66, 6, 'ЛК', 18),
  ('1-40 01 01', 66, 6, 'ЛР', 36),
  ('1-40 01 01', 66, 6, 'З', 2),
  ('1-40 01 01', 4, 7, 'ЛК', 34),
  ('1-40 01 01', 4, 7, 'ЛР', 34),
  ('1-40 01 01', 4, 7, 'З', 3.5),
  ('1-40 01 01', 78, 7, 'ЛК', 34),
  ('1-40 01 01', 78, 7, 'ЛР', 34),
  ('1-40 01 01', 78, 7, 'З', 3.5),
  ('1-40 01 01', 72, 7, 'ЛК', 34),
  ('1-40 01 01', 72, 7, 'ЛР', 51),
  ('1-40 01 01', 72, 7, 'Э', 5),
  ('1-40 01 01', 89, 7, 'ЛК', 17),
  ('1-40 01 01', 89, 7, 'ЛР', 34),
  ('1-40 01 01', 89, 7, 'З', 2.5),
  ('1-40 01 01', 31, 8, 'ЛК', 24),
  ('1-40 01 01', 31, 8, 'ЛР', 24),
  ('1-40 01 01', 31, 8, 'Э', 4),
  ('1-40 01 01', 99, 8, 'ЛК', 24),
  ('1-40 01 01', 99, 8, 'ЛР', 24),
  ('1-40 01 01', 99, 8, 'З', 3),
  ('1-40 01 01', 106, 8, 'ЛК', 24),
  ('1-40 01 01', 106, 8, 'ПЗ', 24),
  ('1-40 01 01', 106, 8, 'З', 2.5),
  ('1-40 01 01', 1, 4, 'ЛК', 18),
  ('1-40 01 01', 1, 4, 'ЛР', 36),
  ('1-40 01 01', 1, 4, 'З', 2),
  ('1-40 01 01', 68, 5, 'ЛК', 34),
  ('1-40 01 01', 68, 5, 'ЛР', 34),
  ('1-40 01 01', 68, 5, 'З', 2.5),
  ('1-40 01 01', 69, 6, 'ЛК', 34),
  ('1-40 01 01', 69, 6, 'ЛР', 34),
  ('1-40 01 01', 69, 6, 'Э', 3.5),
  ('1-40 01 01', 57, 6, 'ЛК', 18),
  ('1-40 01 01', 57, 6, 'ЛР', 36),
  ('1-40 01 01', 57, 6, 'З', 2.5),
  ('1-40 01 01', 64, 7, 'ЛК', 34),
  ('1-40 01 01', 64, 7, 'ЛР', 51),
  ('1-40 01 01', 64, 7, 'Э', 5),
  ('1-40 01 01', 65, 7, 'ЛК', 34),
  ('1-40 01 01', 65, 7, 'ЛР', 51),
  ('1-40 01 01', 65, 7, 'Э', 5),
  ('1-40 01 01', 65, 7, 'КП', 40), /*КУРСОВОЙ ПРОЕКТ*/
  ('1-40 01 01', 108, 1, 'ПЗ', 68),
  ('1-40 01 01', 108, 2, 'ПЗ', 72),
  ('1-40 01 01', 108, 3, 'ПЗ', 68),
  ('1-40 01 01', 108, 4, 'ПЗ', 72),
  ('1-40 01 01', 108, 5, 'ПЗ', 68),
  ('1-40 01 01', 108, 6, 'ПЗ', 72),
  /*факультативные занятия*/
  ('1-40 01 01', 13, 5, 'ПЗ', 34),
  ('1-40 01 01', 32, 2, 'ЛК', 10),
  ('1-40 01 01', 90, 6, 'ЛК', 16),
  ('1-40 01 01', 11, 2, 'ЛК', 10);

INSERT INTO load (code_of_specialty, id_of_discipline, semester, short_name_of_load, count_of_hours) VALUES
  ('1-98 01 03', 23, 3, 'ЛК', 34),
  ('1-98 01 03', 23, 3, 'С', 34),
  ('1-98 01 03', 23, 3, 'Э', 5),
  ('1-98 01 03', 24, 4, 'ЛК', 36),
  ('1-98 01 03', 24, 4, 'С', 36),
  ('1-98 01 03', 24, 4, 'Э', 4),
  ('1-98 01 03', 22, 5, 'ЛК', 16),
  ('1-98 01 03', 22, 5, 'С', 18),
  ('1-98 01 03', 22, 5, 'З', 2),
  ('1-98 01 03', 21, 1, 'ЛК', 16),
  ('1-98 01 03', 21, 1, 'С', 18),
  ('1-98 01 03', 21, 1, 'З', 2),
  ('1-98 01 03', 95, 6, 'ЛК', 24),
  ('1-98 01 03', 95, 6, 'С', 12),
  ('1-98 01 03', 95, 6, 'З', 2),
  ('1-98 01 03', 96, 6, 'ЛК', 24),
  ('1-98 01 03', 96, 6, 'С', 12),
  ('1-98 01 03', 96, 6, 'З', 2),
  ('1-98 01 03', 94, 2, 'ЛК', 24),
  ('1-98 01 03', 94, 2, 'С', 12),
  ('1-98 01 03', 94, 2, 'З', 2),
  ('1-98 01 03', 97, 2, 'ЛК', 24),
  ('1-98 01 03', 97, 2, 'С', 12),
  ('1-98 01 03', 97, 2, 'З', 2),
  ('1-98 01 03', 98, 2, 'ЛК', 24),
  ('1-98 01 03', 98, 2, 'С', 12),
  ('1-98 01 03', 98, 2, 'З', 2),
  ('1-98 01 03', 34, 1, 'ЛК', 68),
  ('1-98 01 03', 34, 1, 'ПЗ', 51),
  ('1-98 01 03', 34, 1, 'Э', 7.5),
  ('1-98 01 03', 34, 2, 'ЛК', 54),
  ('1-98 01 03', 34, 2, 'ПЗ', 72),
  ('1-98 01 03', 34, 2, 'Э', 6.5),
  ('1-98 01 03', 34, 3, 'ЛК', 34),
  ('1-98 01 03', 34, 3, 'ПЗ', 51),
  ('1-98 01 03', 34, 3, 'Э', 5),
  ('1-98 01 03', 107, 1, 'ЛК', 51),
  ('1-98 01 03', 107, 1, 'ЛР', 34),
  ('1-98 01 03', 107, 1, 'ПЗ', 34),
  ('1-98 01 03', 107, 1, 'Э', 6),
  ('1-98 01 03', 52, 3, 'ЛК', 34),
  ('1-98 01 03', 52, 3, 'ПЗ', 34),
  ('1-98 01 03', 52, 3, 'Э', 4),
  ('1-98 01 03', 36, 4, 'ЛК', 36),
  ('1-98 01 03', 36, 4, 'ЛР', 18),
  ('1-98 01 03', 36, 4, 'Э', 4),
  ('1-98 01 03', 6, 1, 'ЛК', 36),
  ('1-98 01 03', 6, 1, 'ПЗ', 18),
  ('1-98 01 03', 6, 1, 'Э', 3),
  ('1-98 01 03', 6, 2, 'ЛК', 18),
  ('1-98 01 03', 6, 2, 'ЛР', 18),
  ('1-98 01 03', 6, 2, 'З', 2),
  ('1-98 01 03', 19, 3, 'ЛК', 18), /*???*/
  ('1-98 01 03', 19, 3, 'ЛР', 34),
  ('1-98 01 03', 19, 3, 'З', 3),
  ('1-98 01 03', 20, 1, 'ПЗ', 68),
  ('1-98 01 03', 20, 1, 'З', 3),
  ('1-98 01 03', 20, 2, 'ПЗ', 54),
  ('1-98 01 03', 20, 2, 'Э', 4),
  ('1-98 01 03', 9, 1, 'ПЗ', 34),
  ('1-98 01 03', 9, 1, 'З', 2),
  ('1-98 01 03', 50, 1, 'ЛК', 34),
  ('1-98 01 03', 50, 1, 'ЛР', 34),
  ('1-98 01 03', 50, 1, 'Э', 3.5),
  ('1-98 01 03', 50, 2, 'ЛК', 36),
  ('1-98 01 03', 50, 2, 'ЛР', 36),
  ('1-98 01 03', 50, 2, 'Э', 4),
  ('1-98 01 03', 30, 2, 'ЛК', 36),
  ('1-98 01 03', 30, 2, 'ЛР', 54),
  ('1-98 01 03', 30, 2, 'Э', 4.5),
  ('1-98 01 03', 30, 3, 'КР', 30), /*КУРСОВАЯ РАБОТА*/
  ('1-98 01 03', 47, 2, 'ЛК', 36),
  ('1-98 01 03', 47, 2, 'ЛР', 36),
  ('1-98 01 03', 47, 2, 'Э', 4),
  ('1-98 01 03', 47, 3, 'ЛК', 17),
  ('1-98 01 03', 47, 3, 'ЛР', 34),
  ('1-98 01 03', 47, 3, 'З', 2),
  ('1-98 01 03', 28, 3, 'ЛК', 34),
  ('1-98 01 03', 28, 3, 'ЛР', 34),
  ('1-98 01 03', 28, 3, 'Э', 4),
  ('1-98 01 03', 92, 3, 'ЛК', 34),
  ('1-98 01 03', 92, 3, 'ЛР', 34),
  ('1-98 01 03', 92, 3, 'Э', 4),
  ('1-98 01 03', 92, 4, 'ЛК', 36),
  ('1-98 01 03', 92, 4, 'ЛР', 36),
  ('1-98 01 03', 92, 4, 'Э', 4),
  ('1-98 01 03', 92, 4, 'КП', 40), /*КУРСОВОЙ ПРОЕКТ*/
  ('1-98 01 03', 92, 5, 'ЛК', 51),
  ('1-98 01 03', 92, 5, 'ЛР', 51),
  ('1-98 01 03', 92, 5, 'Э', 4.5),
  ('1-98 01 03', 53, 4, 'ЛК', 18),
  ('1-98 01 03', 53, 4, 'ЛР', 36),
  ('1-98 01 03', 53, 4, 'З', 2.5),
  ('1-98 01 03', 25, 4, 'ЛК', 36),
  ('1-98 01 03', 25, 4, 'ЛР', 54),
  ('1-98 01 03', 25, 4, 'Э', 4),
  ('1-98 01 03', 25, 5, 'КП', 40), /*КУРСОВОЙ ПРОЕКТ*/
  ('1-98 01 03', 87, 4, 'ЛК', 36),
  ('1-98 01 03', 87, 4, 'ЛР', 36),
  ('1-98 01 03', 87, 4, 'З', 4),
  ('1-98 01 03', 7, 4, 'ЛК', 36),
  ('1-98 01 03', 7, 4, 'ЛР', 36),
  ('1-98 01 03', 7, 4, 'Э', 4),
  ('1-98 01 03', 93, 5, 'ЛК', 34),
  ('1-98 01 03', 93, 5, 'ЛР', 17),
  ('1-98 01 03', 93, 5, 'ПЗ', 17),
  ('1-98 01 03', 93, 5, 'Э', 4),
  ('1-98 01 03', 67, 5, 'ЛК', 51),
  ('1-98 01 03', 67, 5, 'ЛР', 51),
  ('1-98 01 03', 67, 5, 'Э', 4.5),
  ('1-98 01 03', 67, 6, 'КП', 40), /*КУРСОВОЙ ПРОЕКТ*/
  ('1-98 01 03', 51, 5, 'ЛК', 34),
  ('1-98 01 03', 51, 5, 'ЛР', 34),
  ('1-98 01 03', 51, 5, 'Э', 4),
  ('1-98 01 03', 33, 6, 'ЛК', 54),
  ('1-98 01 03', 33, 6, 'ЛР', 36),
  ('1-98 01 03', 33, 6, 'Э', 4.5),
  ('1-98 01 03', 75, 6, 'ЛК', 54),
  ('1-98 01 03', 75, 6, 'ЛР', 54),
  ('1-98 01 03', 75, 6, 'Э', 5),
  ('1-98 01 03', 75, 7, 'ЛК', 34),
  ('1-98 01 03', 75, 7, 'ЛР', 51),
  ('1-98 01 03', 75, 7, 'Э', 4.5),
  ('1-98 01 03', 75, 7, 'КП', 40), /*КУРСОВОЙ ПРОЕКТ*/
  ('1-98 01 03', 104, 7, 'ЛК', 34),
  ('1-98 01 03', 104, 7, 'ЛР', 34),
  ('1-98 01 03', 104, 7, 'Э', 3.5),
  ('1-98 01 03', 54, 1, 'ЛК', 17),
  ('1-98 01 03', 54, 1, 'ЛР', 34),
  ('1-98 01 03', 54, 1, 'Э', 3),
  ('1-98 01 03', 60, 2, 'ЛК', 36), /*???*/
  ('1-98 01 03', 60, 2, 'ЛР', 18),
  ('1-98 01 03', 60, 2, 'З', 3),
  ('1-98 01 03', 60, 3, 'ЛК', 34),
  ('1-98 01 03', 60, 3, 'ЛР', 17),
  ('1-98 01 03', 60, 3, 'З', 2),
  ('1-98 01 03', 15, 4, 'ЛК', 36),
  ('1-98 01 03', 15, 4, 'ЛР', 18),
  ('1-98 01 03', 15, 4, 'З', 2.5),
  ('1-98 01 03', 35, 5, 'ЛК', 34),
  ('1-98 01 03', 35, 5, 'ПЗ', 34),
  ('1-98 01 03', 35, 5, 'З', 3.5),
  ('1-98 01 03', 68, 5, 'ЛК', 34),
  ('1-98 01 03', 68, 5, 'ЛР', 34),
  ('1-98 01 03', 68, 5, 'Э', 3.5),
  ('1-98 01 03', 8, 6, 'ЛК', 34),
  ('1-98 01 03', 8, 6, 'ЛР', 34),
  ('1-98 01 03', 8, 6, 'Э', 4),
  ('1-98 01 03', 88, 6, 'ЛК', 36),
  ('1-98 01 03', 88, 6, 'ЛР', 36),
  ('1-98 01 03', 88, 6, 'Э', 4.5),
  ('1-98 01 03', 69, 6, 'ЛК', 36),
  ('1-98 01 03', 69, 6, 'ЛР', 36),
  ('1-98 01 03', 69, 6, 'З', 3),
  ('1-98 01 03', 65, 6, 'ЛК', 36),
  ('1-98 01 03', 65, 6, 'ЛР', 36),
  ('1-98 01 03', 65, 6, 'З', 3),
  ('1-98 01 03', 65, 7, 'ЛК', 34),
  ('1-98 01 03', 65, 7, 'ЛР', 51),
  ('1-98 01 03', 65, 7, 'Э', 5.5),
  ('1-98 01 03', 71, 7, 'ЛК', 51),
  ('1-98 01 03', 71, 7, 'ЛР', 34),
  ('1-98 01 03', 71, 7, 'Э', 4.5),
  ('1-98 01 03', 80, 7, 'ЛК', 34),
  ('1-98 01 03', 80, 7, 'ЛР', 34),
  ('1-98 01 03', 80, 7, 'З', 3.5),
  ('1-98 01 03', 76, 7, 'ЛК', 34),
  ('1-98 01 03', 76, 7, 'ЛР', 34),
  ('1-98 01 03', 76, 7, 'З', 3.5),
  ('1-98 01 03', 49, 7, 'ЛК', 17),
  ('1-98 01 03', 49, 7, 'ЛР', 17),
  ('1-98 01 03', 49, 7, 'ПЗ', 17),
  ('1-98 01 03', 49, 7, 'З', 3),
  ('1-98 01 03', 99, 8, 'ЛК', 24),
  ('1-98 01 03', 99, 8, 'ЛР', 24),
  ('1-98 01 03', 99, 8, 'З', 3),
  ('1-98 01 03', 106, 8, 'ЛК', 24),
  ('1-98 01 03', 106, 8, 'ЛР', 24),
  ('1-98 01 03', 106, 8, 'З', 3),
  ('1-98 01 03', 41, 8, 'ЛК', 24),
  ('1-98 01 03', 41, 8, 'ЛР', 24),
  ('1-98 01 03', 41, 8, 'Э', 4),
  ('1-98 01 03', 108, 1, 'ПЗ', 68),
  ('1-98 01 03', 108, 2, 'ПЗ', 72),
  ('1-98 01 03', 108, 3, 'ПЗ', 68),
  ('1-98 01 03', 108, 4, 'ПЗ', 72),
  ('1-98 01 03', 108, 5, 'ПЗ', 68),
  ('1-98 01 03', 108, 6, 'ПЗ', 72),
  /*факультативные занятия*/
  ('1-98 01 03', 13, 5, 'ПЗ', 34), /*деловой иностранный язык!!!*/
  ('1-98 01 03', 32, 2, 'ЛК', 10),
  ('1-98 01 03', 14, 6, 'ЛК', 16),
  ('1-98 01 03', 11, 2, 'ЛК', 10);

INSERT INTO load (code_of_specialty, id_of_discipline, semester, short_name_of_load, count_of_hours) VALUES
  ('1-47 01 02', 23, 3, 'ЛК', 34),
  ('1-47 01 02', 23, 3, 'С', 34),
  ('1-47 01 02', 23, 3, 'Э', 5),
  ('1-47 01 02', 24, 4, 'ЛК', 36),
  ('1-47 01 02', 24, 4, 'С', 36),
  ('1-47 01 02', 24, 4, 'Э', 4),
  ('1-47 01 02', 22, 5, 'ЛК', 16),
  ('1-47 01 02', 22, 5, 'С', 18),
  ('1-47 01 02', 22, 5, 'З', 2),
  ('1-47 01 02', 21, 1, 'ЛК', 16),
  ('1-47 01 02', 21, 1, 'С', 18),
  ('1-47 01 02', 21, 1, 'З', 2),
  ('1-47 01 02', 95, 6, 'ЛК', 24),
  ('1-47 01 02', 95, 6, 'С', 12),
  ('1-47 01 02', 95, 6, 'З', 2),
  ('1-47 01 02', 96, 6, 'ЛК', 24),
  ('1-47 01 02', 96, 6, 'С', 12),
  ('1-47 01 02', 96, 6, 'З', 2),
  ('1-47 01 02', 94, 2, 'ЛК', 24),
  ('1-47 01 02', 94, 2, 'С', 12),
  ('1-47 01 02', 94, 2, 'З', 2),
  ('1-47 01 02', 97, 2, 'ЛК', 24),
  ('1-47 01 02', 97, 2, 'С', 12),
  ('1-47 01 02', 97, 2, 'З', 2),
  ('1-47 01 02', 98, 2, 'ЛК', 24),
  ('1-47 01 02', 98, 2, 'С', 12),
  ('1-47 01 02', 98, 2, 'З', 2),
  ('1-47 01 02', 34, 1, 'ЛК', 68),
  ('1-47 01 02', 34, 1, 'ПЗ', 51),
  ('1-47 01 02', 34, 1, 'Э', 7.5),
  ('1-47 01 02', 34, 2, 'ЛК', 54),
  ('1-47 01 02', 34, 2, 'ПЗ', 72),
  ('1-47 01 02', 34, 2, 'Э', 6.5),
  ('1-47 01 02', 34, 3, 'ЛК', 34),
  ('1-47 01 02', 34, 3, 'ПЗ', 51),
  ('1-47 01 02', 34, 3, 'Э', 5),
  ('1-47 01 02', 107, 1, 'ЛК', 51),
  ('1-47 01 02', 107, 1, 'ЛР', 34),
  ('1-47 01 02', 107, 1, 'ПЗ', 34),
  ('1-47 01 02', 107, 1, 'Э', 6),
  ('1-47 01 02', 52, 3, 'ЛК', 34),
  ('1-47 01 02', 52, 3, 'ПЗ', 34),
  ('1-47 01 02', 52, 3, 'Э', 4),
  ('1-47 01 02', 102, 2, 'ЛК', 18),
  ('1-47 01 02', 102, 2, 'ЛР', 18),
  ('1-47 01 02', 102, 2, 'З', 2),
  ('1-47 01 02', 36, 4, 'ЛК', 36),
  ('1-47 01 02', 36, 4, 'ЛР', 18),
  ('1-47 01 02', 36, 4, 'Э', 3.5),
  ('1-47 01 02', 19, 3, 'ЛК', 18),
  ('1-47 01 02', 19, 3, 'ЛР', 34),
  ('1-47 01 02', 19, 3, 'З', 3),
  ('1-47 01 02', 20, 1, 'ПЗ', 34),
  ('1-47 01 02', 20, 1, 'З', 2),
  ('1-47 01 02', 20, 2, 'ПЗ', 34),
  ('1-47 01 02', 20, 2, 'З', 2),
  ('1-47 01 02', 20, 3, 'ПЗ', 34),
  ('1-47 01 02', 20, 3, 'Э', 2.5),
  ('1-47 01 02', 9, 1, 'ПЗ', 34),
  ('1-47 01 02', 9, 1, 'З', 2),
  ('1-47 01 02', 50, 1, 'ЛК', 34),
  ('1-47 01 02', 50, 1, 'ЛР', 34),
  ('1-47 01 02', 50, 1, 'Э', 3.5),
  ('1-47 01 02', 50, 2, 'ЛК', 36),
  ('1-47 01 02', 50, 2, 'ЛР', 36),
  ('1-47 01 02', 50, 2, 'Э', 4),
  ('1-47 01 02', 61, 1, 'ЛК', 34), /*ПОЛИГРАФИКА ???*/
  ('1-47 01 02', 61, 1, 'ЛР', 16),
  ('1-47 01 02', 61, 1, 'З', 3),
  ('1-47 01 02', 61, 2, 'ЛК', 18),
  ('1-47 01 02', 61, 2, 'ЛР', 36),
  ('1-47 01 02', 61, 2, 'Э', 3),
  ('1-47 01 02', 61, 2, 'КП', 40), /*КУРСОВОЙ ПРОЕКТ*/
  ('1-47 01 02', 101, 2, 'ЛК', 36),
  ('1-47 01 02', 101, 2, 'ЛР', 36),
  ('1-47 01 02', 101, 2, 'Э', 4),
  ('1-47 01 02', 103, 4, 'ЛК', 18),
  ('1-47 01 02', 103, 4, 'ЛР', 18),
  ('1-47 01 02', 103, 4, 'З', 2),
  ('1-47 01 02', 28, 3, 'ЛК', 34),
  ('1-47 01 02', 28, 3, 'ЛР', 34),
  ('1-47 01 02', 28, 3, 'Э', 4),
  ('1-47 01 02', 43, 5, 'ЛК', 51),
  ('1-47 01 02', 43, 5, 'ЛР', 34),
  ('1-47 01 02', 43, 5, 'Э', 4.5),
  ('1-47 01 02', 43, 6, 'КП', 40), /*КУРСОВОЙ ПРОЕКТ*/
  ('1-47 01 02', 44, 3, 'ЛК', 34),
  ('1-47 01 02', 44, 3, 'ЛР', 34),
  ('1-47 01 02', 44, 3, 'З', 2.5),
  ('1-47 01 02', 44, 4, 'ЛК', 36),
  ('1-47 01 02', 44, 4, 'ЛР', 36),
  ('1-47 01 02', 44, 4, 'Э', 5.5),
  ('1-47 01 02', 44, 4, 'КП', 40), /*КУРСОВОЙ ПРОЕКТ*/
  ('1-47 01 02', 53, 4, 'ЛК', 18),
  ('1-47 01 02', 53, 4, 'ПЗ', 36),
  ('1-47 01 02', 53, 4, 'З', 2),
  ('1-47 01 02', 25, 4, 'ЛК', 36),
  ('1-47 01 02', 25, 4, 'ЛР', 54),
  ('1-47 01 02', 25, 4, 'Э', 4),
  ('1-47 01 02', 17, 5, 'ЛК', 34), /*ДИЗАЙН ЭЛЕКТРОННЫХ И ВЕБ-ИЗДАНИЙ ???*/
  ('1-47 01 02', 17, 5, 'ЛР', 51),
  ('1-47 01 02', 17, 5, 'Э', 4.5),
  ('1-47 01 02', 17, 5, 'КП', 40), /*КУРСОВОЙ ПРОЕКТ*/
  ('1-47 01 02', 17, 6, 'ЛК', 36),
  ('1-47 01 02', 17, 6, 'ЛР', 54),
  ('1-47 01 02', 17, 6, 'Э', 4),
  ('1-47 01 02', 7, 4, 'ЛК', 36),
  ('1-47 01 02', 7, 4, 'ЛР', 36),
  ('1-47 01 02', 7, 4, 'Э', 4),
  ('1-47 01 02', 93, 5, 'ЛК', 34),
  ('1-47 01 02', 93, 5, 'ЛР', 17),
  ('1-47 01 02', 93, 5, 'ПЗ', 17),
  ('1-47 01 02', 93, 5, 'Э', 4),
  ('1-47 01 02', 58, 5, 'ЛК', 34),
  ('1-47 01 02', 58, 5, 'ЛР', 51),
  ('1-47 01 02', 58, 5, 'Э', 4.5),
  ('1-47 01 02', 51, 5, 'ЛК', 34),
  ('1-47 01 02', 51, 5, 'ПЗ', 34),
  ('1-47 01 02', 51, 5, 'Э', 3.5),
  ('1-47 01 02', 38, 6, 'ЛК', 36),
  ('1-47 01 02', 38, 6, 'ЛР', 54),
  ('1-47 01 02', 38, 6, 'Э', 4.5),
  ('1-47 01 02', 38, 7, 'ЛК', 17),
  ('1-47 01 02', 38, 7, 'ЛР', 34),
  ('1-47 01 02', 38, 7, 'З', 2.5),
  ('1-47 01 02', 38, 7, 'КП', 40), /*КУРСОВОЙ ПРОЕКТ*/
  ('1-47 01 02', 27, 6, 'ЛК', 36),
  ('1-47 01 02', 27, 6, 'ЛР', 36),
  ('1-47 01 02', 27, 6, 'З', 2.5),
  ('1-47 01 02', 27, 7, 'ЛК', 34),
  ('1-47 01 02', 27, 7, 'ЛР', 51),
  ('1-47 01 02', 27, 7, 'Э', 4.5),
  ('1-47 01 02', 27, 7, 'КП', 40), /*КУРСОВОЙ ПРОЕКТ*/
  ('1-47 01 02', 84, 7, 'ЛК', 36),
  ('1-47 01 02', 84, 7, 'ЛР', 54),
  ('1-47 01 02', 84, 7, 'Э', 4.5),
  ('1-47 01 02', 54, 1, 'ЛК', 17),
  ('1-47 01 02', 54, 1, 'ЛР', 34),
  ('1-47 01 02', 54, 1, 'Э', 4),
  ('1-47 01 02', 30, 2, 'ЛК', 36),
  ('1-47 01 02', 30, 2, 'ЛР', 54),
  ('1-47 01 02', 30, 2, 'Э', 5.5),
  ('1-47 01 02', 30, 3, 'КР', 30), /*КУРСОВАЯ РАБОТА*/
  ('1-47 01 02', 55, 3, 'ЛК', 34),
  ('1-47 01 02', 55, 3, 'ЛР', 34),
  ('1-47 01 02', 55, 3, 'З', 2.5),
  ('1-47 01 02', 63, 4, 'ЛК', 36),
  ('1-47 01 02', 63, 4, 'ЛР', 54),
  ('1-47 01 02', 63, 4, 'З', 4.5),
  ('1-47 01 02', 10, 5, 'ЛК', 34),
  ('1-47 01 02', 10, 5, 'ЛР', 51),
  ('1-47 01 02', 10, 5, 'З', 3.5),
  ('1-47 01 02', 10, 6, 'ЛК', 54),
  ('1-47 01 02', 10, 6, 'ЛР', 54),
  ('1-47 01 02', 10, 6, 'Э', 5),
  ('1-47 01 02', 33, 6, 'ЛК', 36),
  ('1-47 01 02', 33, 6, 'ЛР', 36),
  ('1-47 01 02', 33, 6, 'Э', 3.5),
  ('1-47 01 02', 65, 7, 'ЛК', 34),
  ('1-47 01 02', 65, 7, 'ЛР', 51),
  ('1-47 01 02', 65, 7, 'Э', 5),
  ('1-47 01 02', 79, 6, 'ЛК', 36),
  ('1-47 01 02', 79, 6, 'ЛР', 54),
  ('1-47 01 02', 79, 6, 'Э', 4),
  ('1-47 01 02', 77, 7, 'ЛК', 34),
  ('1-47 01 02', 77, 7, 'ЛР', 34),
  ('1-47 01 02', 77, 7, 'З', 4),
  ('1-47 01 02', 89, 7, 'ЛК', 17),
  ('1-47 01 02', 89, 7, 'ЛР', 34),
  ('1-47 01 02', 89, 7, 'З', 2.5),
  ('1-47 01 02', 49, 7, 'ЛК', 17),
  ('1-47 01 02', 49, 7, 'ЛР', 17),
  ('1-47 01 02', 49, 7, 'ПЗ', 34),
  ('1-47 01 02', 49, 7, 'Э', 4),
  ('1-47 01 02', 100, 8, 'ЛК', 24),
  ('1-47 01 02', 100, 8, 'ЛР', 24),
  ('1-47 01 02', 100, 8, 'З', 3),
  ('1-47 01 02', 106, 8, 'ЛК', 24),
  ('1-47 01 02', 106, 8, 'ПЗ', 24),
  ('1-47 01 02', 106, 8, 'З', 3),
  ('1-47 01 02', 41, 8, 'ЛК', 24),
  ('1-47 01 02', 41, 8, 'ЛР', 24),
  ('1-47 01 02', 41, 8, 'Э', 4),
  ('1-47 01 02', 108, 1, 'ПЗ', 68),
  ('1-47 01 02', 108, 2, 'ПЗ', 72),
  ('1-47 01 02', 108, 3, 'ПЗ', 68),
  ('1-47 01 02', 108, 4, 'ПЗ', 72),
  ('1-47 01 02', 108, 5, 'ПЗ', 68),
  ('1-47 01 02', 108, 6, 'ПЗ', 72),
  /*факультативные занятия*/
  ('1-47 01 02', 13, 5, 'ПЗ', 68),
  ('1-47 01 02', 32, 2, 'ЛК', 10),
  ('1-47 01 02', 11, 2, 'ЛК', 10),
  ('1-47 01 02', 59, 5, 'ЛК', 16),
  ('1-47 01 02', 14, 6, 'ЛК', 16); /*ЧТО НАПИСАТЬ? 6 ИЛИ 7?*/

INSERT INTO time(time, session) VALUES
  ('8.00-9.35',	1),
  ('9.50-11.25',	1),
  ('11.40-13.15',	1),
  ('13.50-15.25',	1),
  ('15.40-17.15',	2),
  ('17.30-19.05', 2),
  ('19.20-20.55', 2);

CREATE OR REPLACE FUNCTION write_to_calendar(start_date date, end_date date) RETURNS void AS $$
DECLARE
  week INTEGER;
BEGIN
  week := 1;
  LOOP
    FOR counter IN 1..7
    LOOP
      if (SELECT EXTRACT (DOW from CAST(start_date as date)) <> 0)
      then INSERT INTO calendar (calendar_date, id_of_time, number_of_week) VALUES (start_date, counter, week);
      else
        INSERT INTO calendar (calendar_date) VALUES (start_date);
        week := week + 1;
        exit;
      end if;
    END LOOP;
    start_date := start_date + 1;
    EXIT WHEN start_date > end_date;
  END LOOP;
END;
$$LANGUAGE 'plpgsql';

SELECT * FROM write_to_calendar('2017-02-02', '2017-06-07');

INSERT INTO type_of_auditoriums(short_name_of_auditorium, full_name_of_auditorium) VALUES
  ('ЛКБП', 'Лекционная без проектора'),
  ('ЛКСП', 'Лекционная с проектором'),
  ('ЛР', 'Лабаратория');

INSERT INTO auditoriums(number_of_auditorium, capacity, short_name_of_auditorium) VALUES
  ('408-2',	200,	'ЛКБП'),
  ('222-4',	150,	'ЛКСП'),
  ('301-1', 20, 'ЛР');

INSERT INTO groups(code_of_specialty, number_of_group, semester) VALUES
  ('1-40 05 01', 1, 6),
  ('1-40 05 01', 2, 6),
  ('1-40 01 01', 3, 6),
  ('1-98 01 03', 5, 6),
  ('1-98 01 03', 6, 6),
  ('1-47 01 02', 7, 6),
  ('1-47 01 02', 8, 6);

INSERT INTO subgroups(code_of_specialty, number_of_group, semester, number_of_subgroup, count_of_students) VALUES
  ('1-40 05 01', 1, 6, 1, 12),
  ('1-40 05 01', 1, 6, 2, 13),
  ('1-40 05 01', 2, 6, 1, 12),
  ('1-40 05 01', 2, 6, 2, 13),
  ('1-40 01 01', 3, 6, 1, 12),
  ('1-40 01 01', 3, 6, 2, 13),
  ('1-98 01 03', 5, 6, 1, 13),
  ('1-98 01 03', 5, 6, 2, 12),
  ('1-98 01 03', 6, 6, 1, 12),
  ('1-47 01 02', 7, 6, 1, 12),
  ('1-47 01 02', 7, 6, 2, 13),
  ('1-47 01 02', 8, 6, 1, 12);

-- TRIGGERS --

/*1*/
CREATE OR REPLACE FUNCTION timetable_insert(_id_of_calendar INTEGER,_number_of_auditorium text, _id_of_discipline INTEGER,
                                            _short_name_of_load text, _code_of_specialty text, _semester INTEGER, _id_of_teacher INTEGER) RETURNS void AS
$$
DECLARE list_group INTEGER[];
        list_subgroup INTEGER[];
        i INTEGER;
        j INTEGER;
BEGIN
  list_group = ARRAY[]::INTEGER[];
  list_group = ARRAY(SELECT number_of_group FROM groups WHERE groups.code_of_specialty = _code_of_specialty);
  list_subgroup = ARRAY[1, 2];
  FOREACH i IN ARRAY list_group
  LOOP
    list_subgroup = ARRAY[]::INTEGER[];
    list_subgroup = ARRAY(SELECT number_of_subgroup FROM subgroups WHERE number_of_group = i);
    FOREACH j IN ARRAY list_subgroup
    LOOP
      INSERT INTO timetable(id_of_calendar, number_of_auditorium, id_of_discipline, short_name_of_load, code_of_specialty, number_of_group, number_of_subgroup, semester, id_of_teacher)
      VALUES (_id_of_calendar, _number_of_auditorium, _id_of_discipline, _short_name_of_load, _code_of_specialty, i, j, _semester, _id_of_teacher);
    END LOOP;
  END LOOP;
END;
$$
LANGUAGE plpgsql;

/*2*/
CREATE OR REPLACE FUNCTION trigger_function_teacher_delete() RETURNS TRIGGER AS
$$
BEGIN
  IF (SELECT count(*) FROM timetable WHERE timetable.id_of_teacher = OLD.id) > 0
  THEN RAISE EXCEPTION 'Cannot delete teacher!';
  END IF;
  RETURN OLD;
END;
$$
LANGUAGE plpgsql;

CREATE TRIGGER trigger_teacher_delete BEFORE DELETE ON teachers FOR EACH ROW EXECUTE PROCEDURE trigger_function_teacher_delete();

/*3*/
CREATE OR REPLACE FUNCTION trigger_function_subgroup_delete() RETURNS TRIGGER AS
$$
BEGIN
  IF (SELECT count(*) FROM timetable
  WHERE timetable.code_of_specialty = OLD.code_of_specialty AND
        timetable.number_of_group = OLD.number_of_group AND
        timetable.number_of_subgroup = OLD.number_of_subgroup AND
        timetable.semester = OLD.semester) > 0
  THEN
    BEGIN
      DELETE FROM timetable
      WHERE timetable.code_of_specialty = OLD.code_of_specialty AND
            timetable.number_of_group = OLD.number_of_group AND
            timetable.number_of_subgroup = OLD.number_of_subgroup AND
            timetable.semester = OLD.semester;
    END;
  END IF;
  RETURN OLD;
END;
$$
LANGUAGE plpgsql;

CREATE TRIGGER trigger_subgroup_delete BEFORE DELETE ON subgroups FOR EACH ROW EXECUTE PROCEDURE trigger_function_subgroup_delete();

/*4*/
CREATE OR REPLACE FUNCTION trigger_function_group_delete() RETURNS TRIGGER AS
$$
BEGIN
  IF (SELECT count(*) FROM subgroups
  WHERE subgroups.code_of_specialty = OLD.code_of_specialty AND
        subgroups.number_of_group = OLD.number_of_group AND
        subgroups.semester = OLD.semester) > 0
  THEN
    BEGIN
      DELETE FROM subgroups
      WHERE subgroups.code_of_specialty = OLD.code_of_specialty AND
            subgroups.number_of_group = OLD.number_of_group AND
            subgroups.semester = OLD.semester;
    END;
  END IF;
  IF (SELECT count(*) FROM timetable
  WHERE timetable.code_of_specialty = OLD.code_of_specialty AND
        timetable.number_of_group = OLD.number_of_group AND
        timetable.semester = OLD.semester) > 0
  THEN
    BEGIN
      DELETE FROM timetable
      WHERE timetable.code_of_specialty = OLD.code_of_specialty AND
            timetable.number_of_group = OLD.number_of_group AND
            timetable.semester = OLD.semester;
    END;
  END IF;
  RETURN OLD;
END;
$$
LANGUAGE plpgsql;

CREATE TRIGGER trigger_group_delete BEFORE DELETE ON groups FOR EACH ROW EXECUTE PROCEDURE trigger_function_group_delete();

/*5*/
CREATE OR REPLACE FUNCTION timetable_select(_code_of_specialty text, _semester INTEGER, _day_of_week INTEGER)
  RETURNS TABLE (
    id text,
    id_of_class INTEGER,
    number_of_week INTEGER,
    number_of_auditorium text,
    name_of_discipline text,
    full_name_of_load text,
    full_name_of_specialty text,
    group_num INTEGER,
    subgroup INTEGER,
    semester INTEGER,
    last_name text,
    first_name text,
    middle_name text) AS
$$
BEGIN
  return QUERY SELECT
                 array_to_string(array_agg(timetable.id), ','),
                 time.id,
                 CASE WHEN mod(calendar.number_of_week, 2) = 1::integer THEN 1::integer ELSE 2::integer END as number_of_week,
                 auditoriums.number_of_auditorium,
                 disciplines.discipline,
                 type_of_loads.full_name_of_load,
                 specialties.full_name_of_specialty,
                 timetable.number_of_group,
                 timetable.number_of_subgroup,
                 timetable.semester,
                 teachers.last_name,
                 teachers.first_name,
                 teachers.middle_name FROM timetable
    INNER JOIN calendar ON timetable.id_of_calendar = calendar.id
    INNER JOIN time ON calendar.id_of_time = time.id
    INNER JOIN auditoriums ON timetable.number_of_auditorium = auditoriums.number_of_auditorium
    INNER JOIN disciplines ON timetable.id_of_discipline = disciplines.id
    INNER JOIN specialties ON timetable.code_of_specialty = specialties.code_of_specialty
    INNER JOIN type_of_loads ON timetable.short_name_of_load = type_of_loads.short_name_of_load
    INNER JOIN teachers ON timetable.id_of_teacher = teachers.id
               WHERE timetable.code_of_specialty = $1 AND timetable.semester = $2 AND extract(DOW FROM calendar.calendar_date) = $3
               GROUP BY
                 timetable.id,
                 time.id,
                 extract(DOW FROM calendar.calendar_date),
                 mod(calendar.number_of_week, 2),
                 auditoriums.number_of_auditorium,
                 disciplines.discipline,
                 type_of_loads.full_name_of_load,
                 specialties.full_name_of_specialty,
                 timetable.number_of_group,
                 timetable.number_of_subgroup,
                 timetable.semester,
                 teachers.last_name,
                 teachers.first_name,
                 teachers.middle_name;
END;
$$
LANGUAGE plpgsql;

select * from timetable_select('1-40 05 01', 6, 1);

/*6*/
CREATE OR REPLACE FUNCTION trigger_function_auditorium_delete() RETURNS TRIGGER AS
$$
BEGIN
  IF (SELECT count(*) FROM timetable WHERE timetable.number_of_auditorium = OLD.number_of_auditorium) > 0
  THEN RAISE EXCEPTION 'Cannot delete auditorium!';
  END IF;
  RETURN OLD;
END;
$$
LANGUAGE plpgsql;

CREATE TRIGGER trigger_auditorium_delete BEFORE DELETE ON auditoriums FOR EACH ROW EXECUTE PROCEDURE trigger_function_auditorium_delete();

/*7*/
CREATE OR REPLACE FUNCTION trigger_function_pulpit_delete() RETURNS TRIGGER AS
$$
BEGIN
  IF (SELECT count(*) FROM teachers WHERE teachers.id_of_pulpit = OLD.id) > 0
  THEN RAISE EXCEPTION 'Cannot delete pulpit!';
  END IF;
  RETURN OLD;
END;
$$
LANGUAGE plpgsql;

CREATE TRIGGER trigger_pulpit_delete BEFORE DELETE ON pulpits FOR EACH ROW EXECUTE PROCEDURE trigger_function_pulpit_delete();

/*8*/
CREATE OR REPLACE FUNCTION trigger_function_timetable_insert() RETURNS TRIGGER AS
$$
DECLARE i timetable%ROWTYPE;
BEGIN
  FOR i IN (SELECT timetable.number_of_auditorium, timetable.id_of_discipline, timetable.id_of_teacher FROM timetable
  WHERE timetable.id_of_calendar = NEW.id_of_calendar)
  LOOP
    IF i.number_of_auditorium = NEW.number_of_auditorium AND (i.id_of_discipline != NEW.id_of_discipline OR i.id_of_teacher != NEW.id_of_teacher)
    THEN RAISE EXCEPTION 'Auditorium is busy';
    END IF;
    IF i.id_of_teacher = NEW.id_of_teacher AND (i.id_of_discipline != NEW.id_of_discipline OR i.number_of_auditorium)
    THEN RAISE EXCEPTION 'Teacher is busy';
    END IF;
  END LOOP;
END;
$$
LANGUAGE plpgsql;

CREATE TRIGGER trigger_auditorium_insert BEFORE INSERT ON timetable FOR EACH ROW EXECUTE PROCEDURE trigger_function_timetable_insert();
